# WaveFront *.obj file (generated by Autodesk ATF)

mtllib Corner lid.mtl

g Corner lid (1)

v 28.875000 -19.950000 22.500000
v 28.829707 -19.950000 22.505963
v 28.787500 -19.950000 22.523446
v 28.751257 -19.950000 22.551256
v 28.723446 -19.950000 22.587500
v 28.705963 -19.950000 22.629707
v 28.700000 -19.950000 22.675000
v 28.700000 -19.900000 22.675000
v 28.705963 -19.900000 22.629707
v 28.723446 -19.900000 22.587500
v 28.751257 -19.900000 22.551256
v 28.787500 -19.900000 22.523446
v 28.829707 -19.900000 22.505963
v 28.875000 -19.900000 22.500000
v 29.150000 -19.450000 22.675000
v 29.150000 -19.455963 22.629707
v 29.150000 -19.473446 22.587500
v 29.150000 -19.501256 22.551256
v 29.150000 -19.537500 22.523446
v 29.150000 -19.579707 22.505963
v 29.150000 -19.625000 22.500000
v 29.078825 -19.634370 22.500000
v 29.012500 -19.661843 22.500000
v 28.955546 -19.705546 22.500000
v 28.911843 -19.762500 22.500000
v 28.884371 -19.828825 22.500000
v 28.715334 -19.783531 22.675000
v 28.760289 -19.675000 22.675000
v 28.831802 -19.581802 22.675000
v 28.925000 -19.510289 22.675000
v 29.033532 -19.465333 22.675000
v 29.067102 -19.590620 22.505963
v 29.056179 -19.549852 22.523446
v 29.046798 -19.514843 22.551256
v 29.039600 -19.487980 22.587500
v 29.035075 -19.471093 22.629707
v 28.989854 -19.622618 22.505963
v 28.968750 -19.586066 22.523446
v 28.950629 -19.554678 22.551256
v 28.936723 -19.530593 22.587500
v 28.927982 -19.515453 22.629707
v 28.923519 -19.673518 22.505963
v 28.893674 -19.643674 22.523446
v 28.868046 -19.618046 22.551256
v 28.848381 -19.598380 22.587500
v 28.836019 -19.586018 22.629707
v 28.872618 -19.739853 22.505963
v 28.836066 -19.718750 22.523446
v 28.804678 -19.700628 22.551256
v 28.780593 -19.686723 22.587500
v 28.765453 -19.677982 22.629707
v 28.840621 -19.817102 22.505963
v 28.799852 -19.806178 22.523446
v 28.764844 -19.796798 22.551256
v 28.737980 -19.789600 22.587500
v 28.721094 -19.785075 22.629707
v 29.500000 -19.450000 22.675000
v 29.500843 -19.450843 22.657847
v 29.503363 -19.453363 22.640859
v 29.513322 -19.463321 22.608030
v 29.529493 -19.479493 22.577775
v 29.551257 -19.501256 22.551256
v 29.577776 -19.527775 22.529493
v 29.608031 -19.558030 22.513321
v 29.640860 -19.590859 22.503363
v 29.675000 -19.625000 22.500000
v 29.150000 -19.450000 24.200000
v 29.500000 -19.450000 24.200000
v 29.503590 -19.450000 24.200000
v 29.501597 -19.450000 24.183397
v 29.500400 -19.450000 24.166718
v 29.500000 -19.450000 24.150000
v 29.500000 -19.450000 24.000000
v 28.700000 -19.900000 24.200000
v 28.715334 -19.783531 24.200000
v 28.760289 -19.675000 24.200000
v 28.831802 -19.581802 24.200000
v 28.925000 -19.510289 24.200000
v 29.033532 -19.465333 24.200000
v 28.700000 -19.950000 24.000000
v 28.700000 -20.950000 24.000000
v 28.700000 -20.950000 22.800000
v 28.700000 -21.000000 22.800000
v 28.700000 -21.000000 24.200000
v 30.000000 -19.950000 22.500000
v 30.000000 -19.950000 24.000000
v 29.500000 -19.000000 22.675000
v 29.505963 -19.000000 22.629707
v 29.523446 -19.000000 22.587500
v 29.551257 -19.000000 22.551256
v 29.587500 -19.000000 22.523446
v 29.629707 -19.000000 22.505963
v 29.675000 -19.000000 22.500000
v 29.850000 -18.650000 22.675000
v 29.850000 -18.655963 22.629707
v 29.850000 -18.673446 22.587500
v 29.850000 -18.701256 22.551256
v 29.850000 -18.737500 22.523446
v 29.850000 -18.779707 22.505963
v 29.850000 -18.825000 22.500000
v 29.804707 -18.830963 22.500000
v 29.762500 -18.848446 22.500000
v 29.726257 -18.876256 22.500000
v 29.698446 -18.912500 22.500000
v 29.680963 -18.954707 22.500000
v 29.511926 -18.909413 22.675000
v 29.546892 -18.825000 22.675000
v 29.602513 -18.752513 22.675000
v 29.675000 -18.696891 22.675000
v 29.759414 -18.661926 22.675000
v 29.792984 -18.787213 22.505963
v 29.782060 -18.746444 22.523446
v 29.772680 -18.711436 22.551256
v 29.765482 -18.684573 22.587500
v 29.760957 -18.667686 22.629707
v 29.739854 -18.809220 22.505963
v 29.718750 -18.772668 22.523446
v 29.700629 -18.741280 22.551256
v 29.686723 -18.717196 22.587500
v 29.677982 -18.702055 22.629707
v 29.694230 -18.844229 22.505963
v 29.664385 -18.814384 22.523446
v 29.638757 -18.788756 22.551256
v 29.619092 -18.769091 22.587500
v 29.606730 -18.756729 22.629707
v 29.659221 -18.889853 22.505963
v 29.622669 -18.868750 22.523446
v 29.591281 -18.850628 22.551256
v 29.567196 -18.836723 22.587500
v 29.552056 -18.827981 22.629707
v 29.637213 -18.942984 22.505963
v 29.596445 -18.932060 22.523446
v 29.561436 -18.922679 22.551256
v 29.534573 -18.915481 22.587500
v 29.517686 -18.910957 22.629707
v 30.000000 -18.650000 22.675000
v 30.000000 -18.655963 22.629707
v 30.000000 -18.673446 22.587500
v 30.000000 -18.701256 22.551256
v 30.000000 -18.737500 22.523446
v 30.000000 -18.779707 22.505963
v 30.000000 -18.825000 22.500000
v 30.000000 -18.650000 24.000000
v 29.850000 -18.650000 24.150000
v 30.750000 -18.650000 24.150000
v 30.853528 -18.650000 24.136370
v 30.950000 -18.650000 24.096410
v 31.032843 -18.650000 24.032843
v 31.096410 -18.650000 23.950000
v 31.136370 -18.650000 23.853528
v 31.150000 -18.650000 23.750000
v 31.150000 -18.650000 23.500000
v 31.143684 -18.650000 23.367039
v 31.121360 -18.650000 23.235857
v 31.076359 -18.650000 23.110657
v 31.042524 -18.650000 23.053348
v 31.000000 -18.650000 23.002236
v 31.000000 -18.650000 24.000000
v 29.500000 -19.000000 24.150000
v 29.511926 -18.909413 24.150000
v 29.546892 -18.825000 24.150000
v 29.602513 -18.752513 24.150000
v 29.675000 -18.696891 24.150000
v 29.759414 -18.661926 24.150000
v 29.510604 -19.452136 24.235271
v 29.521264 -19.458335 24.269939
v 29.535280 -19.468287 24.303124
v 29.552304 -19.481621 24.334001
v 29.592424 -19.515389 24.386948
v 29.637221 -19.554899 24.427844
v 29.687483 -19.600300 24.459946
v 29.741246 -19.649525 24.482656
v 29.796241 -19.700250 24.495786
v 29.850000 -19.750000 24.500000
v 29.850000 -19.000000 24.500000
v 29.759414 -19.000000 24.488074
v 29.675000 -19.000000 24.453109
v 29.602513 -19.000000 24.397487
v 29.546892 -19.000000 24.325000
v 29.511926 -19.000000 24.240587
v 31.000000 -19.000000 22.589355
v 31.000000 -18.925383 22.598113
v 31.000000 -18.854661 22.623843
v 31.000000 -18.791638 22.664747
v 31.000000 -18.738782 22.718509
v 31.000000 -18.698125 22.781912
v 31.000000 -18.670136 22.852284
v 31.000000 -18.654611 22.926510
v 31.240587 -18.661926 23.500000
v 31.325000 -18.696891 23.500000
v 31.397487 -18.752513 23.500000
v 31.453109 -18.825000 23.500000
v 31.488074 -18.909413 23.500000
v 31.500000 -19.000000 23.500000
v 31.496826 -19.000000 23.390848
v 31.485333 -19.000000 23.277068
v 31.462499 -19.000000 23.157357
v 31.423134 -19.000000 23.030735
v 31.358229 -19.000000 22.897384
v 31.313677 -19.000000 22.831177
v 31.260146 -19.000000 22.767853
v 31.199149 -19.000000 22.710832
v 31.133647 -19.000000 22.661648
v 31.115139 -18.658720 23.022382
v 31.452934 -18.945593 23.137034
v 31.173079 -18.658720 23.139830
v 31.003236 -18.720310 22.745697
v 31.020837 -18.752513 22.713031
v 31.038136 -18.795415 22.680929
v 31.051589 -18.842041 22.655958
v 31.061424 -18.892505 22.637681
v 31.067415 -18.945593 22.626539
v 31.012634 -18.672922 22.851796
v 31.037731 -18.693600 22.815006
v 31.060958 -18.720310 22.780958
v 31.081861 -18.752513 22.750324
v 31.102413 -18.795415 22.720219
v 31.118388 -18.842041 22.696802
v 31.130043 -18.892505 22.679667
v 31.137134 -18.945593 22.669223
v 31.034888 -18.658720 22.928662
v 31.066220 -18.672922 22.893623
v 31.095910 -18.693600 22.860426
v 31.123385 -18.720310 22.829703
v 31.148101 -18.752513 22.802052
v 31.172383 -18.795415 22.774864
v 31.191279 -18.842041 22.753733
v 31.205136 -18.892505 22.738324
v 31.213594 -18.945593 22.728952
v 31.078407 -18.658720 22.973030
v 31.114201 -18.672922 22.942521
v 31.148116 -18.693600 22.913611
v 31.179502 -18.720310 22.886857
v 31.207743 -18.752513 22.862789
v 31.235501 -18.795415 22.839139
v 31.257088 -18.842041 22.820739
v 31.272870 -18.892505 22.807259
v 31.282484 -18.945593 22.799038
v 31.154518 -18.672922 22.996674
v 31.191826 -18.693600 22.972313
v 31.226354 -18.720310 22.949768
v 31.257429 -18.752513 22.929492
v 31.287982 -18.795415 22.909575
v 31.311730 -18.842041 22.894071
v 31.329053 -18.892505 22.882682
v 31.339590 -18.945593 22.875724
v 31.217253 -18.672922 23.123684
v 31.259108 -18.693600 23.108383
v 31.297844 -18.720310 23.094224
v 31.332695 -18.752513 23.081487
v 31.366948 -18.795415 23.068973
v 31.393589 -18.842041 23.059235
v 31.413077 -18.892505 23.052094
v 31.424953 -18.945593 23.047735
v 31.384879 -18.945593 22.954785
v 31.373581 -18.892505 22.960431
v 31.355039 -18.842041 22.969708
v 31.329685 -18.795415 22.982418
v 31.297085 -18.752513 22.998767
v 31.263916 -18.720310 23.015398
v 31.227052 -18.693600 23.033877
v 31.187219 -18.672922 23.053845
v 31.145179 -18.658720 23.074921
v 31.218432 -18.658720 23.337457
v 31.265141 -18.672922 23.331846
v 31.309398 -18.693600 23.326526
v 31.350356 -18.720310 23.321604
v 31.387209 -18.752513 23.317182
v 31.423431 -18.795415 23.312848
v 31.451600 -18.842041 23.309464
v 31.472200 -18.892505 23.306942
v 31.484752 -18.945593 23.305388
v 31.440708 -18.892505 23.140265
v 31.420644 -18.842041 23.145568
v 31.393220 -18.795415 23.152818
v 31.357960 -18.752513 23.162139
v 31.322084 -18.720310 23.171624
v 31.282209 -18.693600 23.182165
v 31.239122 -18.672922 23.193555
v 31.193649 -18.658720 23.205576
v 31.240587 -18.661926 23.750000
v 31.325000 -18.696891 23.750000
v 31.397487 -18.752513 23.750000
v 31.453109 -18.825000 23.750000
v 31.488074 -18.909413 23.750000
v 31.500000 -19.000000 23.750000
v 30.750000 -18.661926 24.240587
v 30.750000 -18.696891 24.325000
v 30.750000 -18.752513 24.397487
v 30.750000 -18.825000 24.453109
v 30.750000 -18.909413 24.488074
v 30.750000 -19.000000 24.500000
v 30.896318 -19.000000 24.485589
v 31.037013 -19.000000 24.442910
v 31.166678 -19.000000 24.373602
v 31.280330 -19.000000 24.280330
v 31.373602 -19.000000 24.166678
v 31.442910 -19.000000 24.037013
v 31.485589 -19.000000 23.896318
v 30.893991 -18.909413 24.473892
v 30.887170 -18.825000 24.439599
v 30.876319 -18.752513 24.385046
v 30.862177 -18.696891 24.313952
v 30.845709 -18.661926 24.231160
v 31.032449 -18.909413 24.431891
v 31.019068 -18.825000 24.399588
v 30.997783 -18.752513 24.348200
v 30.970043 -18.696891 24.281231
v 30.937739 -18.661926 24.203243
v 31.160052 -18.909413 24.363686
v 31.140626 -18.825000 24.334614
v 31.109725 -18.752513 24.288366
v 31.069453 -18.696891 24.228095
v 31.022555 -18.661926 24.157908
v 31.271897 -18.909413 24.271897
v 31.247173 -18.825000 24.247173
v 31.207843 -18.752513 24.207843
v 31.156586 -18.696891 24.156586
v 31.096897 -18.661926 24.096897
v 31.363686 -18.909413 24.160052
v 31.334614 -18.825000 24.140626
v 31.288366 -18.752513 24.109725
v 31.228095 -18.696891 24.069453
v 31.157908 -18.661926 24.022555
v 31.431891 -18.909413 24.032449
v 31.399588 -18.825000 24.019068
v 31.348200 -18.752513 23.997783
v 31.281231 -18.696891 23.970043
v 31.203243 -18.661926 23.937739
v 31.473892 -18.909413 23.893991
v 31.439599 -18.825000 23.887170
v 31.385046 -18.752513 23.876319
v 31.313952 -18.696891 23.862177
v 31.231160 -18.661926 23.845709
v 29.850000 -18.661926 24.240587
v 29.850000 -18.696891 24.325000
v 29.850000 -18.752513 24.397487
v 29.850000 -18.825000 24.453109
v 29.850000 -18.909413 24.488074
v 29.820415 -18.863975 24.471126
v 29.784990 -18.946131 24.489664
v 29.822655 -18.709966 24.343991
v 29.779608 -18.766701 24.401230
v 29.741358 -18.839335 24.441348
v 29.710513 -18.922918 24.461611
v 29.811216 -18.663169 24.236838
v 29.756102 -18.698360 24.300653
v 29.707388 -18.754106 24.354201
v 29.668392 -18.826610 24.393833
v 29.641773 -18.910930 24.416848
v 29.763163 -18.663169 24.188784
v 29.699348 -18.698360 24.243898
v 29.645800 -18.754106 24.292613
v 29.606168 -18.826610 24.331608
v 29.583153 -18.910930 24.358228
v 29.656009 -18.709966 24.177346
v 29.598770 -18.766701 24.220392
v 29.558652 -18.839335 24.258642
v 29.538389 -18.922918 24.289488
v 29.528875 -18.863975 24.179586
v 29.510336 -18.946131 24.215010
v 31.000000 -20.950000 22.589355
v 31.000000 -20.950000 24.000000
v 31.500000 -21.150000 23.500000
v 31.491196 -21.150000 23.325377
v 31.458291 -21.150000 23.140308
v 31.427956 -21.150000 23.043511
v 31.384540 -21.150000 22.944437
v 31.324423 -21.150000 22.845824
v 31.246427 -21.150000 22.753703
v 31.154283 -21.150000 22.675672
v 31.055745 -21.150000 22.615534
v 30.956673 -21.150000 22.572098
v 30.859805 -21.150000 22.541802
v 30.674788 -21.150000 22.508840
v 30.500000 -21.150000 22.500000
v 30.500000 -20.950000 22.500000
v 30.627985 -20.950000 22.504624
v 30.755276 -20.950000 22.519737
v 30.879846 -20.950000 22.547258
v 31.033395 -19.268750 22.604466
v 31.033395 -19.806250 22.604466
v 31.491969 -19.671875 23.333064
v 31.491969 -20.343750 23.333064
v 31.491969 -19.134375 23.333064
v 31.467756 -19.134375 23.180067
v 31.427243 -19.134375 23.041592
v 31.370404 -19.134375 22.918149
v 31.305488 -19.134375 22.820450
v 31.227561 -19.134375 22.735481
v 31.136788 -19.134375 22.663440
v 31.033395 -19.134375 22.604466
v 31.033395 -20.612500 22.604466
v 31.136788 -20.612500 22.663440
v 31.227561 -20.612500 22.735481
v 31.305488 -20.612500 22.820450
v 31.370404 -20.612500 22.918149
v 31.427243 -20.612500 23.041592
v 31.467756 -20.612500 23.180067
v 31.491969 -20.612500 23.333064
v 31.491969 -19.268750 23.333064
v 31.467756 -19.268750 23.180067
v 31.427243 -19.268750 23.041592
v 31.370404 -19.268750 22.918149
v 31.305488 -19.268750 22.820450
v 31.227561 -19.268750 22.735481
v 31.136788 -19.268750 22.663440
v 31.033395 -19.537500 22.604466
v 31.491969 -19.403125 23.333064
v 31.467756 -19.403125 23.180067
v 31.427243 -19.403125 23.041592
v 31.370404 -19.403125 22.918149
v 31.305488 -19.403125 22.820450
v 31.227561 -19.403125 22.735481
v 31.136788 -19.403125 22.663440
v 31.033395 -19.403125 22.604466
v 31.491969 -19.537500 23.333064
v 31.467756 -19.537500 23.180067
v 31.427243 -19.537500 23.041592
v 31.370404 -19.537500 22.918149
v 31.305488 -19.537500 22.820450
v 31.227561 -19.537500 22.735481
v 31.136788 -19.537500 22.663440
v 31.033395 -20.075000 22.604466
v 31.467756 -19.671875 23.180067
v 31.427243 -19.671875 23.041592
v 31.370404 -19.671875 22.918149
v 31.305488 -19.671875 22.820450
v 31.227561 -19.671875 22.735481
v 31.136788 -19.671875 22.663440
v 31.033395 -19.671875 22.604466
v 31.491969 -19.806250 23.333064
v 31.467756 -19.806250 23.180067
v 31.427243 -19.806250 23.041592
v 31.370404 -19.806250 22.918149
v 31.305488 -19.806250 22.820450
v 31.227561 -19.806250 22.735481
v 31.136788 -19.806250 22.663440
v 31.491969 -20.075000 23.333064
v 31.467756 -20.075000 23.180067
v 31.427243 -20.075000 23.041592
v 31.370404 -20.075000 22.918149
v 31.305488 -20.075000 22.820450
v 31.227561 -20.075000 22.735481
v 31.136788 -20.075000 22.663440
v 31.467756 -20.343750 23.180067
v 31.427243 -20.343750 23.041592
v 31.370404 -20.343750 22.918149
v 31.305488 -20.343750 22.820450
v 31.227561 -20.343750 22.735481
v 31.136788 -20.343750 22.663440
v 31.033395 -20.343750 22.604466
v 29.150000 -19.460222 24.277646
v 29.150000 -19.490192 24.350000
v 29.150000 -19.537868 24.412132
v 29.150000 -19.600000 24.459808
v 29.150000 -19.672354 24.489778
v 29.150000 -19.750000 24.500000
v 28.710223 -19.900000 24.277646
v 28.740193 -19.900000 24.350000
v 28.787868 -19.900000 24.412132
v 28.850000 -19.900000 24.459808
v 28.922355 -19.900000 24.489778
v 29.000000 -19.900000 24.500000
v 29.005112 -19.861177 24.500000
v 29.020097 -19.825000 24.500000
v 29.043934 -19.793934 24.500000
v 29.075000 -19.770096 24.500000
v 29.111178 -19.755111 24.500000
v 28.930112 -19.841081 24.489778
v 28.860223 -19.822354 24.459808
v 28.800208 -19.806273 24.412132
v 28.754157 -19.793934 24.350000
v 28.725208 -19.786177 24.277646
v 28.952853 -19.786177 24.489778
v 28.890193 -19.750000 24.459808
v 28.836385 -19.718934 24.412132
v 28.795097 -19.695096 24.350000
v 28.769142 -19.680111 24.277646
v 28.989031 -19.739030 24.489778
v 28.937868 -19.687868 24.459808
v 28.893934 -19.643934 24.412132
v 28.860223 -19.610222 24.350000
v 28.839031 -19.589030 24.277646
v 29.036178 -19.702853 24.489778
v 29.000000 -19.640192 24.459808
v 28.968934 -19.586384 24.412132
v 28.945097 -19.545096 24.350000
v 28.930112 -19.519141 24.277646
v 29.091081 -19.680111 24.489778
v 29.072355 -19.610222 24.459808
v 29.056274 -19.550207 24.412132
v 29.043934 -19.504156 24.350000
v 29.036178 -19.475207 24.277646
v 28.710223 -21.000000 24.277646
v 28.740193 -21.000000 24.350000
v 28.787868 -21.000000 24.412132
v 28.850000 -21.000000 24.459808
v 28.922355 -21.000000 24.489778
v 29.000000 -21.000000 24.500000
v 29.150000 -21.450000 24.200000
v 29.150000 -21.439777 24.277646
v 29.150000 -21.409807 24.350000
v 29.150000 -21.362132 24.412132
v 29.150000 -21.300000 24.459808
v 29.150000 -21.227645 24.489778
v 29.150000 -21.150000 24.500000
v 29.111178 -21.144889 24.500000
v 29.075000 -21.129904 24.500000
v 29.043934 -21.106066 24.500000
v 29.020097 -21.075000 24.500000
v 29.005112 -21.038823 24.500000
v 28.715334 -21.116468 24.200000
v 28.760289 -21.225000 24.200000
v 28.831802 -21.318198 24.200000
v 28.925000 -21.389711 24.200000
v 29.033532 -21.434666 24.200000
v 29.091081 -21.219889 24.489778
v 29.072355 -21.289777 24.459808
v 29.056274 -21.349792 24.412132
v 29.043934 -21.395843 24.350000
v 29.036178 -21.424792 24.277646
v 29.036178 -21.197147 24.489778
v 29.000000 -21.259807 24.459808
v 28.968934 -21.313615 24.412132
v 28.945097 -21.354904 24.350000
v 28.930112 -21.380858 24.277646
v 28.989031 -21.160970 24.489778
v 28.937868 -21.212132 24.459808
v 28.893934 -21.256066 24.412132
v 28.860223 -21.289777 24.350000
v 28.839031 -21.310970 24.277646
v 28.952853 -21.113823 24.489778
v 28.890193 -21.150000 24.459808
v 28.836385 -21.181066 24.412132
v 28.795097 -21.204904 24.350000
v 28.769142 -21.219889 24.277646
v 28.930112 -21.058919 24.489778
v 28.860223 -21.077645 24.459808
v 28.800208 -21.093726 24.412132
v 28.754157 -21.106066 24.350000
v 28.725208 -21.113823 24.277646
v 30.750000 -21.450000 24.200000
v 30.750000 -21.439777 24.277646
v 30.750000 -21.409807 24.350000
v 30.750000 -21.362132 24.412132
v 30.750000 -21.300000 24.459808
v 30.750000 -21.227645 24.489778
v 30.750000 -21.150000 24.500000
v 31.200000 -21.450000 23.750000
v 31.277646 -21.439777 23.750000
v 31.350000 -21.409807 23.750000
v 31.412132 -21.362132 23.750000
v 31.459808 -21.300000 23.750000
v 31.489778 -21.227645 23.750000
v 31.500000 -21.150000 23.750000
v 31.485589 -21.150000 23.896318
v 31.442910 -21.150000 24.037013
v 31.373602 -21.150000 24.166678
v 31.280330 -21.150000 24.280330
v 31.166678 -21.150000 24.373602
v 31.037013 -21.150000 24.442910
v 30.896318 -21.150000 24.485589
v 30.866469 -21.450000 24.184667
v 30.975000 -21.450000 24.139711
v 31.068198 -21.450000 24.068198
v 31.139711 -21.450000 23.975000
v 31.184667 -21.450000 23.866469
v 31.475563 -21.227645 23.894323
v 31.446169 -21.300000 23.888477
v 31.399409 -21.362132 23.879176
v 31.338471 -21.409807 23.867054
v 31.267507 -21.439777 23.852939
v 31.433466 -21.227645 24.033101
v 31.405777 -21.300000 24.021632
v 31.361730 -21.362132 24.003387
v 31.304328 -21.409807 23.979610
v 31.237481 -21.439777 23.951921
v 31.365103 -21.227645 24.160998
v 31.340183 -21.300000 24.144348
v 31.300543 -21.362132 24.117861
v 31.248882 -21.409807 24.083342
v 31.188721 -21.439777 24.043144
v 31.273102 -21.227645 24.273102
v 31.251910 -21.300000 24.251910
v 31.218198 -21.362132 24.218198
v 31.174264 -21.409807 24.174264
v 31.123102 -21.439777 24.123102
v 31.160998 -21.227645 24.365103
v 31.144348 -21.300000 24.340183
v 31.117861 -21.362132 24.300543
v 31.083342 -21.409807 24.248882
v 31.043144 -21.439777 24.188721
v 31.033101 -21.227645 24.433466
v 31.021632 -21.300000 24.405777
v 31.003387 -21.362132 24.361730
v 30.979610 -21.409807 24.304328
v 30.951921 -21.439777 24.237481
v 30.894323 -21.227645 24.475563
v 30.888477 -21.300000 24.446169
v 30.879176 -21.362132 24.399409
v 30.867054 -21.409807 24.338471
v 30.852939 -21.439777 24.267507
v 31.200000 -21.450000 23.500000
v 31.277646 -21.439777 23.500000
v 31.350000 -21.409807 23.500000
v 31.412132 -21.362132 23.500000
v 31.459808 -21.300000 23.500000
v 31.489778 -21.227645 23.500000
v 30.500000 -21.450000 22.800000
v 30.500000 -21.439777 22.722354
v 30.500000 -21.409807 22.650000
v 30.500000 -21.362132 22.587868
v 30.500000 -21.300000 22.540192
v 30.500000 -21.227645 22.510222
v 31.192851 -21.450000 23.356953
v 31.167869 -21.450000 23.215798
v 31.117780 -21.450000 23.081701
v 31.080538 -21.450000 23.020475
v 31.034271 -21.450000 22.965798
v 30.979594 -21.450000 22.919516
v 30.918387 -21.450000 22.882264
v 30.784293 -21.450000 22.832170
v 30.643172 -21.450000 22.807170
v 31.483834 -21.196632 23.294153
v 31.255847 -21.442524 23.323477
v 31.330676 -21.196632 22.861152
v 31.140994 -21.442524 22.990939
v 30.891458 -21.442524 22.797178
v 30.623846 -21.196632 22.507982
v 30.623048 -21.242134 22.518793
v 30.621750 -21.285388 22.536534
v 30.620001 -21.325352 22.560782
v 30.617758 -21.362132 22.591965
v 30.615471 -21.389733 22.623687
v 30.612927 -21.412627 22.658945
v 30.610177 -21.430350 22.697043
v 30.607276 -21.442524 22.737251
v 30.795055 -21.196632 22.530680
v 30.792914 -21.242134 22.541304
v 30.789410 -21.285388 22.558741
v 30.784639 -21.325352 22.582583
v 30.778507 -21.362132 22.613245
v 30.772266 -21.389733 22.644437
v 30.765327 -21.412627 22.679103
v 30.757829 -21.430350 22.716562
v 30.749917 -21.442524 22.756096
v 30.884382 -21.196632 22.552341
v 30.881370 -21.242134 22.562756
v 30.876445 -21.285388 22.579849
v 30.869750 -21.325352 22.603220
v 30.861151 -21.362132 22.633277
v 30.852397 -21.389733 22.663854
v 30.842662 -21.412627 22.697836
v 30.832142 -21.430350 22.734556
v 30.821041 -21.442524 22.773310
v 30.976215 -21.196632 22.583506
v 30.972229 -21.242134 22.593582
v 30.965681 -21.285388 22.610115
v 30.956715 -21.325352 22.632714
v 30.945181 -21.362132 22.661775
v 30.933449 -21.389733 22.691340
v 30.920413 -21.412627 22.724199
v 30.906326 -21.430350 22.759705
v 31.073224 -21.196632 22.628993
v 31.067973 -21.242134 22.638476
v 31.059381 -21.285388 22.654048
v 31.047686 -21.325352 22.675362
v 31.032660 -21.362132 22.702779
v 31.017366 -21.389733 22.730665
v 31.000360 -21.412627 22.761656
v 30.981983 -21.430350 22.795142
v 30.962591 -21.442524 22.830484
v 31.168778 -21.196632 22.690961
v 31.162240 -21.242134 22.699596
v 31.151503 -21.285388 22.713762
v 31.136805 -21.325352 22.733121
v 31.117899 -21.362132 22.758015
v 31.098669 -21.389733 22.783340
v 31.077299 -21.412627 22.811489
v 31.054208 -21.430350 22.841905
v 31.029837 -21.442524 22.874005
v 31.256987 -21.196632 22.769775
v 31.249120 -21.242134 22.777236
v 31.236214 -21.285388 22.789480
v 31.218581 -21.325352 22.806215
v 31.195907 -21.362132 22.827737
v 31.172839 -21.389733 22.849631
v 31.147199 -21.412627 22.873965
v 31.119495 -21.430350 22.900259
v 31.090255 -21.442524 22.928009
v 31.321725 -21.242134 22.867257
v 31.307041 -21.285388 22.877285
v 31.286981 -21.325352 22.891014
v 31.261187 -21.362132 22.908676
v 31.234944 -21.389733 22.926640
v 31.205776 -21.412627 22.946602
v 31.174258 -21.430350 22.968173
v 31.410673 -21.196632 23.009494
v 31.400658 -21.242134 23.013645
v 31.384231 -21.285388 23.020465
v 31.361788 -21.325352 23.029809
v 31.332929 -21.362132 23.041831
v 31.303569 -21.389733 23.054057
v 31.270935 -21.412627 23.067643
v 31.235673 -21.430350 23.082323
v 31.198457 -21.442524 23.097817
v 31.172703 -21.442524 23.043304
v 31.208265 -21.430350 23.024320
v 31.241960 -21.412627 23.006331
v 31.273143 -21.389733 22.989683
v 31.301201 -21.362132 22.974709
v 31.328785 -21.325352 22.959995
v 31.350231 -21.285388 22.948546
v 31.365910 -21.242134 22.940146
v 31.375461 -21.196632 22.935017
v 31.458196 -21.196632 23.154916
v 31.447680 -21.242134 23.157529
v 31.430417 -21.285388 23.161804
v 31.406806 -21.325352 23.167621
v 31.376440 -21.362132 23.175094
v 31.345550 -21.389733 23.182701
v 31.311219 -21.412627 23.191160
v 31.274124 -21.430350 23.200300
v 31.234973 -21.442524 23.209946
v 31.494908 -21.196632 23.427249
v 31.484077 -21.242134 23.427684
v 31.466303 -21.285388 23.428402
v 31.442012 -21.325352 23.429390
v 31.410773 -21.362132 23.430664
v 31.378993 -21.389733 23.431958
v 31.343672 -21.412627 23.433396
v 31.305506 -21.430350 23.434949
v 31.265225 -21.442524 23.436588
v 31.295830 -21.430350 23.318338
v 31.333715 -21.412627 23.313468
v 31.368775 -21.389733 23.308962
v 31.400320 -21.362132 23.304910
v 31.431328 -21.325352 23.300930
v 31.455440 -21.285388 23.297831
v 31.473082 -21.242134 23.295549
v 29.150000 -21.450000 22.800000
v 29.150000 -21.439777 22.722354
v 29.150000 -21.409807 22.650000
v 29.150000 -21.362132 22.587868
v 29.150000 -21.300000 22.540192
v 29.150000 -21.227645 22.510222
v 29.150000 -21.150000 22.500000
v 28.710223 -21.000000 22.722354
v 28.740193 -21.000000 22.650000
v 28.787868 -21.000000 22.587868
v 28.850000 -21.000000 22.540192
v 28.922355 -21.000000 22.510222
v 29.000000 -21.000000 22.500000
v 29.005112 -21.038823 22.500000
v 29.020097 -21.075000 22.500000
v 29.043934 -21.106066 22.500000
v 29.075000 -21.129904 22.500000
v 29.111178 -21.144889 22.500000
v 29.033532 -21.434666 22.800000
v 28.925000 -21.389711 22.800000
v 28.831802 -21.318198 22.800000
v 28.760289 -21.225000 22.800000
v 28.715334 -21.116468 22.800000
v 28.930112 -21.058919 22.510222
v 28.860223 -21.077645 22.540192
v 28.800208 -21.093726 22.587868
v 28.754157 -21.106066 22.650000
v 28.725208 -21.113823 22.722354
v 28.952853 -21.113823 22.510222
v 28.890193 -21.150000 22.540192
v 28.836385 -21.181066 22.587868
v 28.795097 -21.204904 22.650000
v 28.769142 -21.219889 22.722354
v 28.989031 -21.160970 22.510222
v 28.937868 -21.212132 22.540192
v 28.893934 -21.256066 22.587868
v 28.860223 -21.289777 22.650000
v 28.839031 -21.310970 22.722354
v 29.036178 -21.197147 22.510222
v 29.000000 -21.259807 22.540192
v 28.968934 -21.313615 22.587868
v 28.945097 -21.354904 22.650000
v 28.930112 -21.380858 22.722354
v 29.091081 -21.219889 22.510222
v 29.072355 -21.289777 22.540192
v 29.056274 -21.349792 22.587868
v 29.043934 -21.395843 22.650000
v 29.036178 -21.424792 22.722354
v 28.710223 -20.950000 22.722354
v 28.740193 -20.950000 22.650000
v 28.787868 -20.950000 22.587868
v 28.850000 -20.950000 22.540192
v 28.922355 -20.950000 22.510222
v 29.000000 -20.950000 22.500000
vt 0.325000 -0.137445 0.000000
vt 0.375000 -0.137445 0.000000
vt 0.325000 -0.091630 0.000000
vt 0.375000 -0.091630 0.000000
vt 0.325000 -0.045815 0.000000
vt 0.375000 -0.045815 0.000000
vt 0.325000 -0.000000 0.000000
vt 0.375000 -0.000000 0.000000
vt 0.325000 0.045815 0.000000
vt 0.375000 0.045815 0.000000
vt 0.325000 0.091630 0.000000
vt 0.375000 0.091630 0.000000
vt 0.325000 0.137445 0.000000
vt 0.375000 0.137445 0.000000
vt -0.000000 -0.626345 0.000000
vt 0.045815 -0.626345 0.000000
vt -0.000000 -0.521954 0.000000
vt 0.045815 -0.521954 0.000000
vt -0.000000 -0.417563 0.000000
vt 0.045815 -0.417563 0.000000
vt -0.000000 -0.313173 0.000000
vt 0.045815 -0.313173 0.000000
vt -0.000000 -0.208782 0.000000
vt 0.045815 -0.208782 0.000000
vt -0.000000 -0.104391 0.000000
vt 0.045815 -0.104391 0.000000
vt 0.000000 0.000000 0.000000
vt 0.045815 0.000000 0.000000
vt 0.091630 -0.104391 0.000000
vt 0.091630 0.000000 0.000000
vt 0.137445 -0.104391 0.000000
vt 0.137445 0.000000 0.000000
vt 0.183260 -0.104391 0.000000
vt 0.183260 0.000000 0.000000
vt 0.229074 -0.104391 0.000000
vt 0.229074 0.000000 0.000000
vt 0.274889 -0.104391 0.000000
vt 0.274889 0.000000 0.000000
vt 0.091630 -0.626345 0.000000
vt 0.091630 -0.521954 0.000000
vt 0.091630 -0.417563 0.000000
vt 0.091630 -0.313173 0.000000
vt 0.091630 -0.208782 0.000000
vt 0.137445 -0.626345 0.000000
vt 0.137445 -0.521954 0.000000
vt 0.137445 -0.417563 0.000000
vt 0.137445 -0.313173 0.000000
vt 0.137445 -0.208782 0.000000
vt 0.183260 -0.626345 0.000000
vt 0.183260 -0.521954 0.000000
vt 0.183260 -0.417563 0.000000
vt 0.183260 -0.313173 0.000000
vt 0.183260 -0.208782 0.000000
vt 0.229074 -0.626345 0.000000
vt 0.229074 -0.521954 0.000000
vt 0.229074 -0.417563 0.000000
vt 0.229074 -0.313173 0.000000
vt 0.229074 -0.208782 0.000000
vt 0.274889 -0.626345 0.000000
vt 0.274889 -0.521954 0.000000
vt 0.274889 -0.417563 0.000000
vt 0.274889 -0.313173 0.000000
vt 0.274889 -0.208782 0.000000
vt 0.125000 0.137445 0.000000
vt 0.124157 0.120264 0.000000
vt 0.475000 0.137445 0.000000
vt 0.475000 0.091630 0.000000
vt 0.121637 0.103084 0.000000
vt 0.111678 0.068722 0.000000
vt 0.475000 0.045815 0.000000
vt 0.095507 0.034361 0.000000
vt 0.475000 -0.000000 0.000000
vt 0.073743 -0.000000 0.000000
vt 0.047224 -0.034361 0.000000
vt 0.475000 -0.045815 0.000000
vt 0.016969 -0.068722 0.000000
vt 0.475000 -0.091630 0.000000
vt -0.015860 -0.103084 0.000000
vt 0.475000 -0.137445 0.000000
vt -0.050000 -0.137445 0.000000
vt 0.000000 -1.325000 0.000000
vt 0.350000 -1.325000 0.000000
vt 0.000000 0.000000 0.000000
vt 0.350000 0.200000 0.000000
vt 0.000000 0.150000 0.000000
vt 0.000000 0.200000 0.000000
vt -0.000400 0.166718 0.000000
vt -0.001597 0.183397 0.000000
vt -0.003590 0.200000 0.000000
vt -0.200000 -0.353429 0.000000
vt 1.325000 -0.353429 0.000000
vt -0.200000 -0.235619 0.000000
vt 1.325000 -0.235619 0.000000
vt -0.200000 -0.117810 0.000000
vt 1.325000 -0.117810 0.000000
vt -0.200000 0.000000 0.000000
vt 1.325000 0.000000 0.000000
vt -0.200000 0.117810 0.000000
vt 1.325000 0.117810 0.000000
vt -0.200000 0.235619 0.000000
vt 1.325000 0.235619 0.000000
vt -0.200000 0.353429 0.000000
vt 1.325000 0.353429 0.000000
vt 0.500000 -1.325000 0.000000
vt 0.500000 0.000000 0.000000
vt 0.450000 -1.325000 0.000000
vt 0.450000 0.200000 0.000000
vt 1.500000 0.000000 0.000000
vt 1.550000 0.200000 0.000000
vt 1.550000 -1.200000 0.000000
vt 1.500000 -1.200000 0.000000
vt 1.294037 1.370293 0.000000
vt 1.276554 1.412500 0.000000
vt 1.300000 1.325000 0.000000
vt 1.248743 1.448744 0.000000
vt 1.212500 1.476554 0.000000
vt 1.170293 1.494037 0.000000
vt 1.125000 1.500000 0.000000
vt 0.000000 0.000000 0.000000
vt 0.000000 1.500000 0.000000
vt 1.300000 0.000000 0.000000
vt 0.275000 0.137445 0.000000
vt -0.175000 0.137445 0.000000
vt 0.275843 0.120264 0.000000
vt -0.175000 0.091630 0.000000
vt 0.278363 0.103084 0.000000
vt 0.288321 0.068722 0.000000
vt -0.175000 0.045815 0.000000
vt 0.304493 0.034361 0.000000
vt -0.175000 -0.000000 0.000000
vt 0.326256 -0.000000 0.000000
vt 0.352775 -0.034361 0.000000
vt -0.175000 -0.045815 0.000000
vt 0.383031 -0.068722 0.000000
vt -0.175000 -0.091630 0.000000
vt 0.415859 -0.103084 0.000000
vt -0.175000 -0.137445 0.000000
vt 0.450000 -0.137445 0.000000
vt -0.000000 -0.469265 0.000000
vt 0.045815 -0.469265 0.000000
vt -0.000000 -0.391055 0.000000
vt 0.045815 -0.391055 0.000000
vt -0.000000 -0.312844 0.000000
vt 0.045815 -0.312844 0.000000
vt -0.000000 -0.234633 0.000000
vt 0.045815 -0.234633 0.000000
vt -0.000000 -0.156422 0.000000
vt 0.045815 -0.156422 0.000000
vt -0.000000 -0.078211 0.000000
vt 0.045815 -0.078211 0.000000
vt 0.000000 0.000000 0.000000
vt 0.045815 0.000000 0.000000
vt 0.091630 -0.078211 0.000000
vt 0.091630 0.000000 0.000000
vt 0.137445 -0.078211 0.000000
vt 0.137445 0.000000 0.000000
vt 0.183260 -0.078211 0.000000
vt 0.183260 0.000000 0.000000
vt 0.229074 -0.078211 0.000000
vt 0.229074 0.000000 0.000000
vt 0.274889 -0.078211 0.000000
vt 0.274889 0.000000 0.000000
vt 0.091630 -0.469265 0.000000
vt 0.091630 -0.391055 0.000000
vt 0.091630 -0.312844 0.000000
vt 0.091630 -0.234633 0.000000
vt 0.091630 -0.156422 0.000000
vt 0.137445 -0.469265 0.000000
vt 0.137445 -0.391055 0.000000
vt 0.137445 -0.312844 0.000000
vt 0.137445 -0.234633 0.000000
vt 0.137445 -0.156422 0.000000
vt 0.183260 -0.469265 0.000000
vt 0.183260 -0.391055 0.000000
vt 0.183260 -0.312844 0.000000
vt 0.183260 -0.234633 0.000000
vt 0.183260 -0.156422 0.000000
vt 0.229074 -0.469265 0.000000
vt 0.229074 -0.391055 0.000000
vt 0.229074 -0.312844 0.000000
vt 0.229074 -0.234633 0.000000
vt 0.229074 -0.156422 0.000000
vt 0.274889 -0.469265 0.000000
vt 0.274889 -0.391055 0.000000
vt 0.274889 -0.312844 0.000000
vt 0.274889 -0.234633 0.000000
vt 0.274889 -0.156422 0.000000
vt 0.775000 0.137445 0.000000
vt 0.625000 0.137445 0.000000
vt 0.775000 0.091630 0.000000
vt 0.625000 0.091630 0.000000
vt 0.775000 0.045815 0.000000
vt 0.625000 0.045815 0.000000
vt 0.775000 -0.000000 0.000000
vt 0.625000 -0.000000 0.000000
vt 0.775000 -0.045815 0.000000
vt 0.625000 -0.045815 0.000000
vt 0.775000 -0.091630 0.000000
vt 0.625000 -0.091630 0.000000
vt 0.775000 -0.137445 0.000000
vt 0.625000 -0.137445 0.000000
vt -0.670293 1.494037 0.000000
vt -0.800000 1.325000 0.000000
vt -0.625000 1.500000 0.000000
vt 0.500000 0.000000 0.000000
vt 0.500000 1.500000 0.000000
vt -0.712500 1.476554 0.000000
vt -0.748743 1.448744 0.000000
vt -0.776554 1.412500 0.000000
vt -0.794037 1.370293 0.000000
vt -0.800000 0.000000 0.000000
vt 1.500000 -1.325000 0.000000
vt 1.650000 -1.325000 0.000000
vt 1.500000 0.000000 0.000000
vt 1.650000 0.150000 0.000000
vt 0.750000 0.150000 0.000000
vt 0.500000 0.000000 0.000000
vt 0.646472 0.136370 0.000000
vt 0.550000 0.096410 0.000000
vt 0.467157 0.032843 0.000000
vt 0.403590 -0.050000 0.000000
vt 0.363630 -0.146472 0.000000
vt 0.350000 -0.250000 0.000000
vt 0.350000 -0.500000 0.000000
vt 0.500000 -0.997764 0.000000
vt 0.356316 -0.632961 0.000000
vt 0.378640 -0.764143 0.000000
vt 0.423641 -0.889343 0.000000
vt 0.457476 -0.946652 0.000000
vt -0.150000 -0.274889 0.000000
vt 1.325000 -0.274889 0.000000
vt -0.150000 -0.183260 0.000000
vt 1.325000 -0.183260 0.000000
vt -0.150000 -0.091630 0.000000
vt 1.325000 -0.091630 0.000000
vt -0.150000 0.000000 0.000000
vt 1.325000 0.000000 0.000000
vt -0.150000 0.091630 0.000000
vt 1.325000 0.091630 0.000000
vt -0.150000 0.183260 0.000000
vt 1.325000 0.183260 0.000000
vt -0.150000 0.274889 0.000000
vt 1.325000 0.274889 0.000000
vt 0.800000 -1.325000 0.000000
vt 0.800000 0.000000 0.000000
vt 0.350000 -1.325000 0.000000
vt 0.350000 0.150000 0.000000
vt 0.800000 0.150000 0.000000
vt 0.097864 0.188737 0.000000
vt 0.550000 0.183260 0.000000
vt 0.100000 0.224718 0.000000
vt 0.550000 0.274889 0.000000
vt 0.100000 0.241442 0.000000
vt 0.100000 0.258165 0.000000
vt 0.100000 0.274889 0.000000
vt 0.091664 0.152445 0.000000
vt 0.550000 0.091630 0.000000
vt 0.081713 0.116402 0.000000
vt 0.068379 0.081126 0.000000
vt 0.550000 0.000000 0.000000
vt 0.034611 0.014591 0.000000
vt -0.004899 -0.046146 0.000000
vt 0.550000 -0.091630 0.000000
vt -0.050300 -0.105864 0.000000
vt 0.550000 -0.183260 0.000000
vt -0.099525 -0.164298 0.000000
vt -0.150250 -0.220906 0.000000
vt -0.200000 -0.274889 0.000000
vt 0.550000 -0.274889 0.000000
vt -0.549779 0.650329 0.000000
vt -0.549779 0.526016 0.000000
vt -0.495149 0.590943 0.000000
vt -0.474577 0.528963 0.000000
vt -0.440519 0.590943 0.000000
vt -0.399879 0.538171 0.000000
vt -0.385889 0.590943 0.000000
vt -0.326582 0.553615 0.000000
vt -0.331259 0.590943 0.000000
vt -0.274889 0.590943 0.000000
vt -0.331259 0.655871 0.000000
vt -0.274889 0.655871 0.000000
vt -0.331259 0.729440 0.000000
vt -0.274889 0.729440 0.000000
vt -0.331259 0.803008 0.000000
vt -0.274889 0.803008 0.000000
vt -0.331259 0.876576 0.000000
vt -0.274889 0.876576 0.000000
vt -0.331259 0.950145 0.000000
vt -0.274889 0.950145 0.000000
vt -0.331259 1.037988 0.000000
vt -0.274889 1.037988 0.000000
vt -0.331259 1.125831 0.000000
vt -0.274889 1.125831 0.000000
vt -0.331259 1.301517 0.000000
vt -0.274889 1.301517 0.000000
vt -0.274889 1.520113 0.000000
vt -0.225715 1.301517 0.000000
vt -0.183263 1.520113 0.000000
vt -0.176541 1.301517 0.000000
vt -0.127367 1.301517 0.000000
vt -0.127367 1.125831 0.000000
vt -0.078193 1.125831 0.000000
vt -0.078193 1.037988 0.000000
vt -0.000000 1.141180 0.000000
vt -0.000000 0.951714 0.000000
vt -0.078193 0.950145 0.000000
vt -0.078193 0.876576 0.000000
vt -0.127367 0.950145 0.000000
vt -0.127367 0.876576 0.000000
vt -0.176541 0.950145 0.000000
vt -0.176541 0.876576 0.000000
vt -0.225715 0.950145 0.000000
vt -0.225715 0.876576 0.000000
vt -0.254890 0.575873 0.000000
vt -0.225715 0.590943 0.000000
vt -0.225715 0.655871 0.000000
vt -0.225715 0.729440 0.000000
vt -0.225715 0.803008 0.000000
vt -0.185739 0.605664 0.000000
vt -0.176541 0.655871 0.000000
vt -0.119411 0.644603 0.000000
vt -0.127367 0.655871 0.000000
vt -0.127367 0.729440 0.000000
vt -0.176541 0.729440 0.000000
vt -0.176541 0.803008 0.000000
vt -0.078193 0.729440 0.000000
vt -0.057033 0.695354 0.000000
vt -0.000030 0.762233 0.000000
vt -0.078193 0.803008 0.000000
vt -0.000000 0.856981 0.000000
vt -0.078193 1.301517 0.000000
vt -0.000000 1.330647 0.000000
vt -0.091625 1.520113 0.000000
vt -0.000000 1.520113 0.000000
vt -0.366516 1.520113 0.000000
vt -0.385889 1.301517 0.000000
vt -0.385889 1.125831 0.000000
vt -0.385889 1.037988 0.000000
vt -0.385889 0.950145 0.000000
vt -0.385889 0.876576 0.000000
vt -0.385889 0.803008 0.000000
vt -0.385889 0.729440 0.000000
vt -0.385889 0.655871 0.000000
vt -0.458153 1.520113 0.000000
vt -0.440519 1.301517 0.000000
vt -0.440519 1.125831 0.000000
vt -0.440519 1.037988 0.000000
vt -0.440519 0.950145 0.000000
vt -0.440519 0.876576 0.000000
vt -0.440519 0.803008 0.000000
vt -0.440519 0.729440 0.000000
vt -0.440519 0.655871 0.000000
vt -0.549779 1.520113 0.000000
vt -0.549779 1.395858 0.000000
vt -0.495149 1.301517 0.000000
vt -0.549779 1.271603 0.000000
vt -0.495149 1.125831 0.000000
vt -0.549779 1.147348 0.000000
vt -0.549779 1.023094 0.000000
vt -0.495149 1.037988 0.000000
vt -0.495149 0.950145 0.000000
vt -0.549779 0.898839 0.000000
vt -0.495149 0.876576 0.000000
vt -0.549779 0.836711 0.000000
vt -0.495149 0.803008 0.000000
vt -0.549779 0.774584 0.000000
vt -0.495149 0.729440 0.000000
vt -0.549779 0.712456 0.000000
vt -0.495149 0.655871 0.000000
vt -0.127367 0.803008 0.000000
vt -0.127367 1.037988 0.000000
vt -0.176541 1.037988 0.000000
vt -0.176541 1.125831 0.000000
vt -0.225715 1.037988 0.000000
vt -0.225715 1.125831 0.000000
vt -0.500000 -0.274889 0.000000
vt -0.250000 -0.274889 0.000000
vt -0.500000 -0.183260 0.000000
vt -0.250000 -0.183260 0.000000
vt -0.500000 -0.091630 0.000000
vt -0.250000 -0.091630 0.000000
vt -0.500000 -0.000000 0.000000
vt -0.250000 -0.000000 0.000000
vt -0.500000 0.091630 0.000000
vt -0.250000 0.091630 0.000000
vt -0.500000 0.183260 0.000000
vt -0.250000 0.183260 0.000000
vt -0.500000 0.274889 0.000000
vt -0.250000 0.274889 0.000000
vt 0.549779 -0.169512 0.000000
vt 0.549779 0.000000 0.000000
vt 0.458149 -0.127134 0.000000
vt 0.458149 0.000000 0.000000
vt 0.366519 0.000000 0.000000
vt 0.366519 -0.127134 0.000000
vt 0.274889 0.000000 0.000000
vt 0.274889 -0.127134 0.000000
vt 0.183260 0.000000 0.000000
vt 0.183260 -0.127134 0.000000
vt 0.091630 0.000000 0.000000
vt 0.091630 -0.127134 0.000000
vt -0.000000 0.000000 0.000000
vt 0.000000 -0.127134 0.000000
vt 0.091630 -0.254268 0.000000
vt 0.000000 -0.254268 0.000000
vt 0.091630 -0.381402 0.000000
vt 0.000000 -0.381402 0.000000
vt 0.091630 -0.508535 0.000000
vt 0.000000 -0.508535 0.000000
vt 0.091630 -0.635669 0.000000
vt 0.000000 -0.635669 0.000000
vt 0.091630 -0.762803 0.000000
vt 0.000000 -0.762803 0.000000
vt 0.091630 -0.889937 0.000000
vt 0.000000 -0.889937 0.000000
vt 0.091630 -1.017071 0.000000
vt 0.000000 -1.017071 0.000000
vt 0.183260 -1.017071 0.000000
vt 0.183260 -0.889937 0.000000
vt 0.183260 -0.762803 0.000000
vt 0.183260 -0.635669 0.000000
vt 0.183260 -0.508535 0.000000
vt 0.183260 -0.381402 0.000000
vt 0.183260 -0.254268 0.000000
vt 0.274889 -1.017071 0.000000
vt 0.274889 -0.889937 0.000000
vt 0.274889 -0.762803 0.000000
vt 0.274889 -0.635669 0.000000
vt 0.274889 -0.508535 0.000000
vt 0.274889 -0.381402 0.000000
vt 0.274889 -0.254268 0.000000
vt 0.366519 -1.017071 0.000000
vt 0.366519 -0.889937 0.000000
vt 0.366519 -0.762803 0.000000
vt 0.366519 -0.635669 0.000000
vt 0.366519 -0.508535 0.000000
vt 0.366519 -0.381402 0.000000
vt 0.366519 -0.254268 0.000000
vt 0.458149 -1.017071 0.000000
vt 0.458149 -0.889937 0.000000
vt 0.458149 -0.762803 0.000000
vt 0.458149 -0.635669 0.000000
vt 0.458149 -0.508535 0.000000
vt 0.458149 -0.381402 0.000000
vt 0.458149 -0.254268 0.000000
vt 0.549779 -1.017071 0.000000
vt 0.549779 -0.847559 0.000000
vt 0.549779 -0.678047 0.000000
vt 0.549779 -0.508535 0.000000
vt 0.549779 -0.339024 0.000000
vt -0.250000 0.274889 0.000000
vt -1.150000 0.274889 0.000000
vt -0.250000 0.183260 0.000000
vt -1.150000 0.183260 0.000000
vt -0.250000 0.091630 0.000000
vt -1.150000 0.091630 0.000000
vt -0.250000 -0.000000 0.000000
vt -1.150000 -0.000000 0.000000
vt -0.250000 -0.091630 0.000000
vt -1.150000 -0.091630 0.000000
vt -0.250000 -0.183260 0.000000
vt -1.150000 -0.183260 0.000000
vt -0.250000 -0.274889 0.000000
vt -1.150000 -0.274889 0.000000
vt 0.183260 0.212316 0.000000
vt 0.147187 0.305661 0.000000
vt 0.123788 0.218329 0.000000
vt 0.064418 0.264952 0.000000
vt 0.032158 0.218329 0.000000
vt -0.019153 0.227749 0.000000
vt 0.032158 0.130997 0.000000
vt -0.059471 0.130997 0.000000
vt 0.032158 0.043666 0.000000
vt -0.059471 0.043666 0.000000
vt 0.032158 -0.043666 0.000000
vt -0.059471 -0.043666 0.000000
vt 0.032158 -0.130997 0.000000
vt -0.059471 -0.130997 0.000000
vt -0.019153 -0.227749 0.000000
vt -0.102495 -0.189544 0.000000
vt -0.151101 -0.130997 0.000000
vt -0.184466 -0.145376 0.000000
vt -0.151101 -0.043666 0.000000
vt -0.242731 -0.043666 0.000000
vt -0.242731 0.043666 0.000000
vt -0.334361 -0.000000 0.000000
vt -0.263158 0.087365 0.000000
vt -0.184466 0.145376 0.000000
vt -0.151101 0.043666 0.000000
vt -0.151101 0.130997 0.000000
vt -0.102495 0.189544 0.000000
vt -0.263158 -0.087365 0.000000
vt 0.032158 -0.218329 0.000000
vt 0.064418 -0.264952 0.000000
vt 0.123788 -0.218329 0.000000
vt 0.147187 -0.305661 0.000000
vt 0.183260 -0.212316 0.000000
vt 0.123788 -0.130997 0.000000
vt 0.207055 -0.109385 0.000000
vt 0.123788 -0.043666 0.000000
vt 0.215418 0.000000 0.000000
vt 0.123788 0.043666 0.000000
vt 0.207055 0.109385 0.000000
vt 0.123788 0.130997 0.000000
vt 2.295389 1.073490 0.000000
vt 1.950000 1.410645 0.000000
vt 2.300000 0.997764 0.000000
vt 0.000000 1.410645 0.000000
vt 0.000000 0.000000 0.000000
vt 2.279864 1.147716 0.000000
vt 2.251874 1.218088 0.000000
vt 2.211217 1.281491 0.000000
vt 2.158362 1.335253 0.000000
vt 2.095339 1.376157 0.000000
vt 2.024617 1.401887 0.000000
vt 2.300000 0.000000 0.000000
vt 0.572484 0.350000 0.000000
vt 0.460824 0.484375 0.000000
vt 0.426306 0.350000 0.000000
vt 0.460824 0.618750 0.000000
vt 0.460824 0.753125 0.000000
vt 0.576030 0.618750 0.000000
vt 0.576030 0.753125 0.000000
vt 0.691236 0.618750 0.000000
vt 0.691236 0.753125 0.000000
vt 0.806441 0.618750 0.000000
vt 0.806441 0.753125 0.000000
vt 0.921647 0.618750 0.000000
vt 0.921647 0.753125 0.000000
vt 1.049920 0.618750 0.000000
vt 1.049920 0.753125 0.000000
vt 1.178193 0.618750 0.000000
vt 1.178193 0.753125 0.000000
vt 1.306466 0.618750 0.000000
vt 1.306466 0.753125 0.000000
vt 1.434739 0.350000 0.000000
vt 1.306466 0.887500 0.000000
vt 1.306466 1.021875 0.000000
vt 1.178193 1.021875 0.000000
vt 1.178193 1.156250 0.000000
vt 1.049920 1.156250 0.000000
vt 1.049920 1.425000 0.000000
vt 0.921647 1.425000 0.000000
vt 0.921647 1.693750 0.000000
vt 0.806441 1.693750 0.000000
vt 0.806441 1.962500 0.000000
vt 0.691236 1.962500 0.000000
vt 0.717462 2.500000 0.000000
vt 0.597071 2.500000 0.000000
vt 0.576030 0.484375 0.000000
vt 0.653679 0.350000 0.000000
vt 0.691236 0.484375 0.000000
vt 0.737169 0.350000 0.000000
vt 0.806441 0.484375 0.000000
vt 0.819832 0.350000 0.000000
vt 0.898304 0.350000 0.000000
vt 0.921647 0.484375 0.000000
vt 1.039241 0.350000 0.000000
vt 1.049920 0.484375 0.000000
vt 1.158064 0.350000 0.000000
vt 1.178193 0.484375 0.000000
vt 1.260896 0.350000 0.000000
vt 1.306466 0.484375 0.000000
vt 1.352077 0.350000 0.000000
vt 1.434739 2.500000 0.000000
vt 1.306466 1.425000 0.000000
vt 1.306466 1.156250 0.000000
vt 1.300295 2.500000 0.000000
vt 1.306466 1.962500 0.000000
vt 1.306466 1.693750 0.000000
vt 1.178193 1.693750 0.000000
vt 1.178193 1.425000 0.000000
vt 1.049920 1.693750 0.000000
vt 1.178193 1.962500 0.000000
vt 1.142752 2.500000 0.000000
vt 1.049920 1.962500 0.000000
vt 1.051798 2.500000 0.000000
vt 0.950346 2.500000 0.000000
vt 0.921647 1.962500 0.000000
vt 0.837809 2.500000 0.000000
vt 0.576030 1.962500 0.000000
vt 0.484579 2.500000 0.000000
vt 0.426306 2.300000 0.000000
vt 0.383116 2.500000 0.000000
vt 0.310378 2.300000 0.000000
vt 0.292102 2.500000 0.000000
vt 0.200870 2.300000 0.000000
vt 0.134579 2.500000 0.000000
vt 0.097382 2.300000 0.000000
vt 0.000000 2.500000 0.000000
vt 0.000000 2.300000 0.000000
vt 0.460824 1.425000 0.000000
vt 0.460824 1.693750 0.000000
vt 0.460824 1.962500 0.000000
vt 0.576030 1.693750 0.000000
vt 0.691236 1.693750 0.000000
vt 0.460824 0.887500 0.000000
vt 0.460824 1.021875 0.000000
vt 0.576030 0.887500 0.000000
vt 0.576030 1.021875 0.000000
vt 0.691236 0.887500 0.000000
vt 0.691236 1.021875 0.000000
vt 0.806441 0.887500 0.000000
vt 0.806441 1.021875 0.000000
vt 0.921647 0.887500 0.000000
vt 0.921647 1.021875 0.000000
vt 1.049920 0.887500 0.000000
vt 1.049920 1.021875 0.000000
vt 1.178193 0.887500 0.000000
vt 0.460824 1.156250 0.000000
vt 0.576030 1.156250 0.000000
vt 0.691236 1.156250 0.000000
vt 0.806441 1.156250 0.000000
vt 0.921647 1.156250 0.000000
vt 0.576030 1.425000 0.000000
vt 0.691236 1.425000 0.000000
vt 0.806441 1.425000 0.000000
vt -0.500000 0.235619 0.000000
vt -0.850000 0.235619 0.000000
vt -0.489396 0.200260 0.000000
vt -0.850000 0.157080 0.000000
vt -0.478736 0.165015 0.000000
vt -0.464720 0.130346 0.000000
vt -0.850000 0.078540 0.000000
vt -0.447696 0.096694 0.000000
vt -0.407576 0.033776 0.000000
vt -0.850000 -0.000000 0.000000
vt -0.362779 -0.023178 0.000000
vt -0.850000 -0.078540 0.000000
vt -0.312517 -0.078869 0.000000
vt -0.258754 -0.133158 0.000000
vt -0.850000 -0.157080 0.000000
vt -0.203759 -0.185629 0.000000
vt -0.850000 -0.235619 0.000000
vt -0.150000 -0.235619 0.000000
vt -0.496410 0.235619 0.000000
vt -0.000000 -1.137671 0.000000
vt 0.078540 -1.137671 0.000000
vt -0.000000 -1.042865 0.000000
vt 0.078540 -1.042865 0.000000
vt -0.000000 -0.948059 0.000000
vt 0.078540 -0.948059 0.000000
vt -0.000000 -0.853254 0.000000
vt 0.078540 -0.853254 0.000000
vt -0.000000 -0.758448 0.000000
vt 0.078540 -0.758448 0.000000
vt -0.000000 -0.663642 0.000000
vt 0.078540 -0.663642 0.000000
vt 0.000000 -0.568836 0.000000
vt 0.078540 -0.568836 0.000000
vt 0.157080 -0.663642 0.000000
vt 0.157080 -0.568836 0.000000
vt 0.235619 -0.663642 0.000000
vt 0.235619 -0.568836 0.000000
vt 0.314159 -0.663642 0.000000
vt 0.314159 -0.568836 0.000000
vt 0.392699 -0.663642 0.000000
vt 0.392699 -0.568836 0.000000
vt 0.471239 -0.663642 0.000000
vt 0.471239 -0.568836 0.000000
vt 0.157080 -1.137671 0.000000
vt 0.157080 -1.042865 0.000000
vt 0.157080 -0.948059 0.000000
vt 0.157080 -0.853254 0.000000
vt 0.157080 -0.758448 0.000000
vt 0.235619 -1.137671 0.000000
vt 0.235619 -1.042865 0.000000
vt 0.235619 -0.948059 0.000000
vt 0.235619 -0.853254 0.000000
vt 0.235619 -0.758448 0.000000
vt 0.314159 -1.137671 0.000000
vt 0.314159 -1.042865 0.000000
vt 0.314159 -0.948059 0.000000
vt 0.314159 -0.853254 0.000000
vt 0.314159 -0.758448 0.000000
vt 0.392699 -1.137671 0.000000
vt 0.392699 -1.042865 0.000000
vt 0.392699 -0.948059 0.000000
vt 0.392699 -0.853254 0.000000
vt 0.392699 -0.758448 0.000000
vt 0.471239 -1.137671 0.000000
vt 0.471239 -1.042865 0.000000
vt 0.471239 -0.948059 0.000000
vt 0.471239 -0.853254 0.000000
vt 0.471239 -0.758448 0.000000
vt 0.050000 0.235619 0.000000
vt -1.050000 0.235619 0.000000
vt 0.050000 0.157080 0.000000
vt -1.050000 0.157080 0.000000
vt 0.050000 0.078540 0.000000
vt -1.050000 0.078540 0.000000
vt 0.050000 -0.000000 0.000000
vt -1.050000 -0.000000 0.000000
vt 0.050000 -0.078540 0.000000
vt -1.050000 -0.078540 0.000000
vt 0.050000 -0.157080 0.000000
vt -1.050000 -0.157080 0.000000
vt 0.050000 -0.235619 0.000000
vt -1.050000 -0.235619 0.000000
vt -0.000000 0.568836 0.000000
vt 0.078540 0.568836 0.000000
vt 0.000000 0.663642 0.000000
vt 0.078540 0.663642 0.000000
vt 0.000000 0.758448 0.000000
vt 0.078540 0.758448 0.000000
vt 0.000000 0.853254 0.000000
vt 0.078540 0.853254 0.000000
vt 0.000000 0.948059 0.000000
vt 0.078540 0.948059 0.000000
vt 0.000000 1.042865 0.000000
vt 0.078540 1.042865 0.000000
vt 0.000000 1.137671 0.000000
vt 0.078540 1.137671 0.000000
vt 0.157080 1.042865 0.000000
vt 0.157080 1.137671 0.000000
vt 0.235619 1.042865 0.000000
vt 0.235619 1.137671 0.000000
vt 0.314159 1.042865 0.000000
vt 0.314159 1.137671 0.000000
vt 0.392699 1.042865 0.000000
vt 0.392699 1.137671 0.000000
vt 0.471239 1.042865 0.000000
vt 0.471239 1.137671 0.000000
vt 0.157080 0.568836 0.000000
vt 0.157080 0.663642 0.000000
vt 0.157080 0.758448 0.000000
vt 0.157080 0.853254 0.000000
vt 0.157080 0.948059 0.000000
vt 0.235619 0.568836 0.000000
vt 0.235619 0.663642 0.000000
vt 0.235619 0.758448 0.000000
vt 0.235619 0.853254 0.000000
vt 0.235619 0.948059 0.000000
vt 0.314159 0.568836 0.000000
vt 0.314159 0.663642 0.000000
vt 0.314159 0.758448 0.000000
vt 0.314159 0.853254 0.000000
vt 0.314159 0.948059 0.000000
vt 0.392699 0.568836 0.000000
vt 0.392699 0.663642 0.000000
vt 0.392699 0.758448 0.000000
vt 0.392699 0.853254 0.000000
vt 0.392699 0.948059 0.000000
vt 0.471239 0.568836 0.000000
vt 0.471239 0.663642 0.000000
vt 0.471239 0.758448 0.000000
vt 0.471239 0.853254 0.000000
vt 0.471239 0.948059 0.000000
vt 0.850000 0.235619 0.000000
vt -0.750000 0.235619 0.000000
vt 0.850000 0.157080 0.000000
vt -0.750000 0.157080 0.000000
vt 0.850000 0.078540 0.000000
vt -0.750000 0.078540 0.000000
vt 0.850000 -0.000000 0.000000
vt -0.750000 -0.000000 0.000000
vt 0.850000 -0.078540 0.000000
vt -0.750000 -0.078540 0.000000
vt 0.850000 -0.157080 0.000000
vt -0.750000 -0.157080 0.000000
vt 0.850000 -0.235619 0.000000
vt -0.750000 -0.235619 0.000000
vt 0.471239 -1.213420 0.000000
vt 0.471239 -1.040075 0.000000
vt 0.392699 -1.170084 0.000000
vt 0.392699 -1.040075 0.000000
vt 0.314159 -1.040075 0.000000
vt 0.314159 -1.170084 0.000000
vt 0.235619 -1.040075 0.000000
vt 0.235619 -1.170084 0.000000
vt 0.157080 -1.040075 0.000000
vt 0.157080 -1.170084 0.000000
vt 0.078540 -1.040075 0.000000
vt 0.078540 -1.170084 0.000000
vt -0.000000 -1.040075 0.000000
vt -0.000000 -1.170084 0.000000
vt 0.078540 -1.300093 0.000000
vt -0.000000 -1.300093 0.000000
vt 0.078540 -1.430103 0.000000
vt -0.000000 -1.430103 0.000000
vt 0.078540 -1.560112 0.000000
vt -0.000000 -1.560112 0.000000
vt 0.078540 -1.690121 0.000000
vt -0.000000 -1.690121 0.000000
vt 0.078540 -1.820130 0.000000
vt -0.000000 -1.820130 0.000000
vt 0.078540 -1.950140 0.000000
vt -0.000000 -1.950140 0.000000
vt 0.078540 -2.080149 0.000000
vt -0.000000 -2.080149 0.000000
vt 0.157080 -2.080149 0.000000
vt 0.157080 -1.950140 0.000000
vt 0.157080 -1.820130 0.000000
vt 0.157080 -1.690121 0.000000
vt 0.157080 -1.560112 0.000000
vt 0.157080 -1.430103 0.000000
vt 0.157080 -1.300093 0.000000
vt 0.235619 -2.080149 0.000000
vt 0.235619 -1.950140 0.000000
vt 0.235619 -1.820130 0.000000
vt 0.235619 -1.690121 0.000000
vt 0.235619 -1.560112 0.000000
vt 0.235619 -1.430103 0.000000
vt 0.235619 -1.300093 0.000000
vt 0.314159 -2.080149 0.000000
vt 0.314159 -1.950140 0.000000
vt 0.314159 -1.820130 0.000000
vt 0.314159 -1.690121 0.000000
vt 0.314159 -1.560112 0.000000
vt 0.314159 -1.430103 0.000000
vt 0.314159 -1.300093 0.000000
vt 0.392699 -2.080149 0.000000
vt 0.392699 -1.950140 0.000000
vt 0.392699 -1.820130 0.000000
vt 0.392699 -1.690121 0.000000
vt 0.392699 -1.560112 0.000000
vt 0.392699 -1.430103 0.000000
vt 0.392699 -1.300093 0.000000
vt 0.471239 -2.080149 0.000000
vt 0.471239 -1.906803 0.000000
vt 0.471239 -1.733458 0.000000
vt 0.471239 -1.560112 0.000000
vt 0.471239 -1.386766 0.000000
vt 0.250000 -0.235619 0.000000
vt 0.500000 -0.235619 0.000000
vt 0.250000 -0.157080 0.000000
vt 0.500000 -0.157080 0.000000
vt 0.250000 -0.078540 0.000000
vt 0.500000 -0.078540 0.000000
vt 0.250000 0.000000 0.000000
vt 0.500000 -0.000000 0.000000
vt 0.250000 0.078540 0.000000
vt 0.500000 0.078540 0.000000
vt 0.250000 0.157080 0.000000
vt 0.500000 0.157080 0.000000
vt 0.250000 0.235619 0.000000
vt 0.500000 0.235619 0.000000
vt -0.000000 1.501725 0.000000
vt -0.000000 1.716258 0.000000
vt -0.067029 1.562820 0.000000
vt -0.078536 1.716258 0.000000
vt -0.109177 1.562820 0.000000
vt -0.157082 1.716258 0.000000
vt -0.151324 1.562820 0.000000
vt -0.193472 1.562820 0.000000
vt -0.151324 1.359993 0.000000
vt -0.193472 1.359993 0.000000
vt -0.151324 1.258580 0.000000
vt -0.193472 1.258580 0.000000
vt -0.151324 1.157167 0.000000
vt -0.193472 1.157167 0.000000
vt -0.151324 1.051937 0.000000
vt -0.193472 1.051937 0.000000
vt -0.151324 0.946707 0.000000
vt -0.193472 0.946707 0.000000
vt -0.151324 0.841477 0.000000
vt -0.193472 0.841477 0.000000
vt -0.151324 0.736247 0.000000
vt -0.193472 0.736247 0.000000
vt -0.151324 0.655576 0.000000
vt -0.193472 0.655576 0.000000
vt -0.151324 0.574904 0.000000
vt -0.193472 0.574904 0.000000
vt -0.151324 0.413561 0.000000
vt -0.193472 0.413561 0.000000
vt -0.151324 0.252218 0.000000
vt -0.193472 0.252218 0.000000
vt -0.151324 0.090875 0.000000
vt -0.193472 0.090875 0.000000
vt -0.157082 0.000000 0.000000
vt -0.235619 0.000000 0.000000
vt -0.235619 0.090875 0.000000
vt -0.283944 0.090875 0.000000
vt -0.283944 0.252218 0.000000
vt -0.330768 0.252218 0.000000
vt -0.330768 0.413561 0.000000
vt -0.377591 0.413561 0.000000
vt -0.377591 0.574904 0.000000
vt -0.424415 0.574904 0.000000
vt -0.424415 0.655576 0.000000
vt -0.471239 0.643597 0.000000
vt -0.424415 0.736247 0.000000
vt -0.471239 0.750863 0.000000
vt -0.424415 0.841477 0.000000
vt -0.471239 0.858129 0.000000
vt -0.424415 0.946707 0.000000
vt -0.471239 0.965395 0.000000
vt -0.424415 1.051937 0.000000
vt -0.471239 1.072661 0.000000
vt -0.424415 1.157167 0.000000
vt -0.471239 1.179927 0.000000
vt -0.424415 1.258580 0.000000
vt -0.471239 1.287193 0.000000
vt -0.424415 1.359993 0.000000
vt -0.471239 1.501725 0.000000
vt -0.424415 1.562820 0.000000
vt -0.471239 1.716258 0.000000
vt -0.392703 1.716258 0.000000
vt -0.377591 1.562820 0.000000
vt -0.330768 1.562820 0.000000
vt -0.330768 1.359993 0.000000
vt -0.283944 1.359993 0.000000
vt -0.283944 1.258580 0.000000
vt -0.235619 1.258580 0.000000
vt -0.235619 1.157167 0.000000
vt -0.235619 1.716258 0.000000
vt -0.235619 1.562820 0.000000
vt -0.235619 1.359993 0.000000
vt -0.283944 1.562820 0.000000
vt -0.314157 1.716258 0.000000
vt -0.471239 0.536331 0.000000
vt -0.424415 0.413561 0.000000
vt -0.377591 0.252218 0.000000
vt -0.330768 0.090875 0.000000
vt -0.314157 0.000000 0.000000
vt -0.471239 0.429064 0.000000
vt -0.424415 0.252218 0.000000
vt -0.377591 0.090875 0.000000
vt -0.392703 0.000000 0.000000
vt -0.471239 0.214532 0.000000
vt -0.424415 0.090875 0.000000
vt -0.471239 0.000000 0.000000
vt -0.109177 0.090875 0.000000
vt -0.078536 0.000000 0.000000
vt -0.067029 0.090875 0.000000
vt -0.000000 0.000000 0.000000
vt -0.000000 0.214532 0.000000
vt -0.067029 0.252218 0.000000
vt -0.000000 0.429064 0.000000
vt -0.067029 0.413561 0.000000
vt -0.067029 0.574904 0.000000
vt -0.109177 0.574904 0.000000
vt -0.109177 0.655576 0.000000
vt -0.000000 0.643597 0.000000
vt -0.067029 0.655576 0.000000
vt -0.109177 0.736247 0.000000
vt -0.067029 0.736247 0.000000
vt -0.000000 0.750863 0.000000
vt -0.067029 0.841477 0.000000
vt -0.000000 0.858129 0.000000
vt -0.067029 0.946707 0.000000
vt -0.000000 0.965395 0.000000
vt -0.067029 1.051937 0.000000
vt -0.000000 1.072661 0.000000
vt -0.067029 1.157167 0.000000
vt -0.000000 1.287193 0.000000
vt -0.067029 1.258580 0.000000
vt -0.067029 1.359993 0.000000
vt -0.109177 1.359993 0.000000
vt -0.377591 1.359993 0.000000
vt -0.377591 1.258580 0.000000
vt -0.377591 1.157167 0.000000
vt -0.377591 1.051937 0.000000
vt -0.377591 0.946707 0.000000
vt -0.377591 0.841477 0.000000
vt -0.377591 0.736247 0.000000
vt -0.377591 0.655576 0.000000
vt -0.330768 1.258580 0.000000
vt -0.283944 1.157167 0.000000
vt -0.235619 1.051937 0.000000
vt -0.109177 1.258580 0.000000
vt -0.109177 1.157167 0.000000
vt -0.109177 1.051937 0.000000
vt -0.109177 0.946707 0.000000
vt -0.109177 0.841477 0.000000
vt -0.330768 1.157167 0.000000
vt -0.330768 1.051937 0.000000
vt -0.330768 0.946707 0.000000
vt -0.330768 0.841477 0.000000
vt -0.330768 0.736247 0.000000
vt -0.330768 0.655576 0.000000
vt -0.330768 0.574904 0.000000
vt -0.283944 1.051937 0.000000
vt -0.235619 0.946707 0.000000
vt -0.283944 0.946707 0.000000
vt -0.283944 0.841477 0.000000
vt -0.283944 0.736247 0.000000
vt -0.283944 0.655576 0.000000
vt -0.283944 0.574904 0.000000
vt -0.283944 0.413561 0.000000
vt -0.235619 0.841477 0.000000
vt -0.235619 0.736247 0.000000
vt -0.235619 0.655576 0.000000
vt -0.235619 0.574904 0.000000
vt -0.235619 0.413561 0.000000
vt -0.235619 0.252218 0.000000
vt -0.109177 0.413561 0.000000
vt -0.109177 0.252218 0.000000
vt 0.500000 0.235619 0.000000
vt -0.850000 0.235619 0.000000
vt 0.500000 0.157080 0.000000
vt -0.850000 0.157080 0.000000
vt 0.500000 0.078540 0.000000
vt -0.850000 0.078540 0.000000
vt 0.500000 -0.000000 0.000000
vt -0.850000 -0.000000 0.000000
vt 0.500000 -0.078540 0.000000
vt -0.850000 -0.078540 0.000000
vt 0.500000 -0.157080 0.000000
vt -0.850000 -0.157080 0.000000
vt 0.500000 -0.235619 0.000000
vt -0.850000 -0.235619 0.000000
vt -0.000000 0.000000 0.000000
vt 0.078540 0.000000 0.000000
vt -0.000000 0.094806 0.000000
vt 0.078540 0.094806 0.000000
vt -0.000000 0.189612 0.000000
vt 0.078540 0.189612 0.000000
vt -0.000000 0.284418 0.000000
vt 0.078540 0.284418 0.000000
vt -0.000000 0.379224 0.000000
vt 0.078540 0.379224 0.000000
vt -0.000000 0.474030 0.000000
vt 0.078540 0.474030 0.000000
vt 0.000000 0.568836 0.000000
vt 0.078540 0.568836 0.000000
vt 0.157080 0.474030 0.000000
vt 0.157080 0.568836 0.000000
vt 0.235619 0.474030 0.000000
vt 0.235619 0.568836 0.000000
vt 0.314159 0.474030 0.000000
vt 0.314159 0.568836 0.000000
vt 0.392699 0.474030 0.000000
vt 0.392699 0.568836 0.000000
vt 0.471239 0.474030 0.000000
vt 0.471239 0.568836 0.000000
vt 0.157080 0.000000 0.000000
vt 0.157080 0.094806 0.000000
vt 0.157080 0.189612 0.000000
vt 0.157080 0.284418 0.000000
vt 0.157080 0.379224 0.000000
vt 0.235619 0.000000 0.000000
vt 0.235619 0.094806 0.000000
vt 0.235619 0.189612 0.000000
vt 0.235619 0.284418 0.000000
vt 0.235619 0.379224 0.000000
vt 0.314159 0.000000 0.000000
vt 0.314159 0.094806 0.000000
vt 0.314159 0.189612 0.000000
vt 0.314159 0.284418 0.000000
vt 0.314159 0.379224 0.000000
vt 0.392699 0.000000 0.000000
vt 0.392699 0.094806 0.000000
vt 0.392699 0.189612 0.000000
vt 0.392699 0.284418 0.000000
vt 0.392699 0.379224 0.000000
vt 0.471239 0.000000 0.000000
vt 0.471239 0.094806 0.000000
vt 0.471239 0.189612 0.000000
vt 0.471239 0.284418 0.000000
vt 0.471239 0.379224 0.000000
vt 1.050000 0.235619 0.000000
vt 1.000000 0.235619 0.000000
vt 1.050000 0.157080 0.000000
vt 1.000000 0.157080 0.000000
vt 1.050000 0.078540 0.000000
vt 1.000000 0.078540 0.000000
vt 1.050000 -0.000000 0.000000
vt 1.000000 0.000000 0.000000
vt 1.050000 -0.078540 0.000000
vt 1.000000 -0.078540 0.000000
vt 1.050000 -0.157080 0.000000
vt 1.000000 -0.157080 0.000000
vt 1.050000 -0.235619 0.000000
vt 1.000000 -0.235619 0.000000
vt -0.350000 -1.200000 0.000000
vt 1.000000 -1.200000 0.000000
vt -0.350000 0.200000 0.000000
vt 1.700000 -0.500000 0.000000
vt 1.250000 0.200000 0.000000
vt 1.700000 -0.250000 0.000000
vt 1.684667 -0.133531 0.000000
vt 1.143172 -1.192830 0.000000
vt 1.617780 -0.918299 0.000000
vt 1.667869 -0.784202 0.000000
vt 1.692851 -0.643047 0.000000
vt 1.284293 -1.167830 0.000000
vt 1.418387 -1.117736 0.000000
vt 1.479594 -1.080484 0.000000
vt 1.534271 -1.034202 0.000000
vt 1.580538 -0.979525 0.000000
vt 1.639711 -0.025000 0.000000
vt 1.568198 0.068198 0.000000
vt 1.475000 0.139711 0.000000
vt 1.366469 0.184667 0.000000
vt -0.200000 -0.353429 0.000000
vt 1.200000 -0.353429 0.000000
vt -0.200000 -0.235619 0.000000
vt 1.200000 -0.235619 0.000000
vt -0.200000 -0.117810 0.000000
vt 1.200000 -0.117810 0.000000
vt -0.200000 0.000000 0.000000
vt 1.200000 0.000000 0.000000
vt -0.200000 0.117810 0.000000
vt 1.200000 0.117810 0.000000
vt -0.200000 0.235619 0.000000
vt 1.200000 0.235619 0.000000
vt -0.200000 0.353429 0.000000
vt 1.200000 0.353429 0.000000
vt 1.350000 -0.700000 0.000000
vt 1.500000 0.550000 0.000000
vt 0.650000 -0.700000 0.000000
vt 1.350000 0.700000 0.000000
vt -0.250000 0.700000 0.000000
vt 1.500000 -0.550000 0.000000
vt 1.388822 -0.694889 0.000000
vt 1.425000 -0.679904 0.000000
vt 1.456066 -0.656066 0.000000
vt 1.479903 -0.625000 0.000000
vt 1.494888 -0.588823 0.000000
vt 1.494888 0.588823 0.000000
vt 1.479903 0.625000 0.000000
vt 1.456066 0.656066 0.000000
vt 1.425000 0.679904 0.000000
vt 1.388822 0.694889 0.000000
vt -0.250000 -1.450000 0.000000
vt 0.650000 -1.450000 0.000000
vt -0.075000 -0.700000 0.000000
vt 0.250000 -0.875000 0.000000
vt -0.075000 -0.075000 0.000000
vt 0.250000 0.250000 0.000000
vt -0.875000 0.250000 0.000000
vt -0.069037 -0.745293 0.000000
vt -0.051554 -0.787500 0.000000
vt -0.023743 -0.823743 0.000000
vt 0.012500 -0.851554 0.000000
vt 0.054707 -0.869037 0.000000
vt 0.100000 -0.875000 0.000000
vt -0.600000 -0.075000 0.000000
vt -0.875000 0.200000 0.000000
vt -0.671175 -0.065629 0.000000
vt -0.737500 -0.038157 0.000000
vt -0.794454 0.005546 0.000000
vt -0.838157 0.062500 0.000000
vt -0.865629 0.128825 0.000000
vt 2.450000 -0.250000 0.000000
vt 0.300000 -0.250000 0.000000
vt 2.450000 -0.500000 0.000000
vt 0.300000 -0.500000 0.000000
vt 0.200000 0.589049 0.000000
vt -1.950000 0.589049 0.000000
vt 0.200000 0.441786 0.000000
vt -1.950000 0.441786 0.000000
vt 0.200000 0.294524 0.000000
vt -1.950000 0.294524 0.000000
vt 0.200000 0.147262 0.000000
vt -1.950000 0.147262 0.000000
vt 0.200000 0.000000 0.000000
vt -1.950000 -0.000000 0.000000
vt 0.200000 -0.147262 0.000000
vt -1.950000 -0.147262 0.000000
vt 0.200000 -0.294524 0.000000
vt -1.950000 -0.294524 0.000000
vt 0.200000 -0.441786 0.000000
vt -1.950000 -0.441786 0.000000
vt 0.200000 -0.589049 0.000000
vt -1.950000 -0.589049 0.000000
vt 0.500000 1.800000 0.000000
vt -0.500000 1.800000 0.000000
vt 0.500000 0.500000 0.000000
vt -0.500000 -0.500000 0.000000
vt 1.800000 -0.500000 0.000000
vt 1.800000 0.500000 0.000000
vt -0.577645 1.489778 0.000000
vt -0.650000 1.459808 0.000000
vt -0.500000 1.500000 0.000000
vt -0.712132 1.412132 0.000000
vt -0.759807 1.350000 0.000000
vt -0.789777 1.277646 0.000000
vt -0.800000 1.200000 0.000000
vt 1.000000 1.500000 0.000000
vt 1.500000 0.000000 0.000000
vt 1.500000 1.410645 0.000000
vt -0.800000 0.000000 0.000000
vt 1.379846 1.452742 0.000000
vt 1.255276 1.480263 0.000000
vt 1.127985 1.495376 0.000000
vt -1.500000 0.500000 0.000000
vt 0.000000 0.500000 0.000000
vt -1.500000 0.550000 0.000000
vt -1.494888 0.588823 0.000000
vt -1.479903 0.625000 0.000000
vt 0.000000 0.700000 0.000000
vt -1.456066 0.656066 0.000000
vt -1.425000 0.679904 0.000000
vt -1.350000 0.700000 0.000000
vt -1.388822 0.694889 0.000000
vn 0.000000 -0.000000 -1.000000
vn 0.000000 -0.000000 -1.000000
vn -0.258819 0.000000 -0.965926
vn -0.258819 0.000000 -0.965926
vn -0.500000 0.000000 -0.866025
vn -0.500000 0.000000 -0.866025
vn -0.707107 0.000000 -0.707107
vn -0.707107 0.000000 -0.707107
vn -0.866025 0.000000 -0.500000
vn -0.866025 0.000000 -0.500000
vn -0.965926 0.000000 -0.258819
vn -0.965926 0.000000 -0.258819
vn -1.000000 0.000000 -0.000000
vn -1.000000 0.000000 -0.000000
vn 0.000000 1.000000 -0.000000
vn 0.000000 0.965926 -0.258819
vn -0.258819 0.965926 -0.000000
vn -0.250000 0.933013 -0.258819
vn -0.500000 0.866025 -0.000000
vn -0.482963 0.836516 -0.258819
vn -0.707107 0.707107 -0.000000
vn -0.683013 0.683013 -0.258819
vn -0.866025 0.500000 -0.000000
vn -0.836516 0.482963 -0.258819
vn -0.965926 0.258819 -0.000000
vn -0.933013 0.250000 -0.258819
vn -0.836516 0.224144 -0.500000
vn -0.683013 0.183013 -0.707107
vn -0.482963 0.129410 -0.866025
vn -0.250000 0.066987 -0.965926
vn -0.000000 0.000000 -1.000000
vn 0.000000 0.866025 -0.500000
vn -0.224144 0.836516 -0.500000
vn -0.433013 0.750000 -0.500000
vn -0.612372 0.612372 -0.500000
vn -0.750000 0.433013 -0.500000
vn 0.000000 0.707107 -0.707107
vn -0.183013 0.683013 -0.707107
vn -0.353553 0.612372 -0.707107
vn -0.500000 0.500000 -0.707107
vn -0.612372 0.353553 -0.707107
vn 0.000000 0.500000 -0.866025
vn -0.129410 0.482963 -0.866025
vn -0.250000 0.433013 -0.866025
vn -0.353553 0.353553 -0.866025
vn -0.433013 0.250000 -0.866025
vn 0.000000 0.258819 -0.965926
vn -0.066987 0.250000 -0.965926
vn -0.129410 0.224144 -0.965926
vn -0.183013 0.183013 -0.965926
vn -0.224144 0.129410 -0.965926
vn 0.000000 0.000000 -1.000000
vn -0.000000 0.000000 -1.000000
vn -0.000000 0.000000 -1.000000
vn -0.000000 0.000000 -1.000000
vn -0.000000 0.000000 -1.000000
vn 0.000000 1.000000 -0.000000
vn 0.000000 0.995185 -0.098017
vn 0.000000 0.980785 -0.195090
vn 0.000000 0.923880 -0.382683
vn 0.000000 0.831470 -0.555570
vn 0.000000 0.707107 -0.707107
vn 0.000000 0.555570 -0.831470
vn 0.000000 0.382683 -0.923880
vn 0.000000 0.195090 -0.980785
vn 0.000000 -0.000000 -1.000000
vn 0.000000 1.000000 0.000000
vn 0.000000 1.000000 0.000000
vn 0.000000 1.000000 0.000000
vn 0.000000 1.000000 0.000000
vn 0.000000 1.000000 0.000000
vn 0.000000 1.000000 0.000000
vn 0.000000 1.000000 0.000000
vn -0.258819 0.965926 -0.000000
vn -0.500000 0.866025 -0.000000
vn -0.707107 0.707107 -0.000000
vn -0.866025 0.500000 -0.000000
vn -0.965926 0.258819 -0.000000
vn -1.000000 -0.000000 0.000000
vn -1.000000 0.000000 0.000000
vn -1.000000 0.000000 0.000000
vn -1.000000 0.000000 0.000000
vn -1.000000 0.000000 0.000000
vn -1.000000 0.000000 0.000000
vn -0.000000 -1.000000 0.000000
vn -0.000000 -1.000000 0.000000
vn -0.000000 -1.000000 0.000000
vn -0.000000 -1.000000 0.000000
vn -0.000000 -1.000000 0.000000
vn -0.000000 -1.000000 0.000000
vn -0.000000 -1.000000 0.000000
vn -0.000000 -1.000000 0.000000
vn -0.000000 -1.000000 0.000000
vn -0.000000 -1.000000 0.000000
vn -1.000000 0.000000 -0.000000
vn -1.000000 0.000000 -0.000000
vn -0.995185 0.000000 -0.098017
vn -0.965926 0.000000 -0.258819
vn -0.980785 0.000000 -0.195090
vn -0.923880 0.000000 -0.382683
vn -0.866025 0.000000 -0.500000
vn -0.831470 0.000000 -0.555570
vn -0.707107 0.000000 -0.707107
vn -0.707107 0.000000 -0.707107
vn -0.555570 0.000000 -0.831470
vn -0.500000 0.000000 -0.866025
vn -0.382683 0.000000 -0.923880
vn -0.258819 0.000000 -0.965926
vn -0.195090 0.000000 -0.980785
vn -0.000000 0.000000 -1.000000
vn 0.000000 1.000000 -0.000000
vn 0.000000 0.965926 -0.258819
vn -0.258819 0.965926 -0.000000
vn -0.250000 0.933013 -0.258819
vn -0.500000 0.866025 -0.000000
vn -0.482963 0.836516 -0.258819
vn -0.707107 0.707107 -0.000000
vn -0.683013 0.683013 -0.258819
vn -0.866025 0.500000 -0.000000
vn -0.836516 0.482963 -0.258819
vn -0.965926 0.258819 -0.000000
vn -0.933013 0.250000 -0.258819
vn -0.836516 0.224144 -0.500000
vn -0.683013 0.183013 -0.707107
vn -0.482963 0.129410 -0.866025
vn -0.250000 0.066987 -0.965926
vn 0.000000 -0.000000 -1.000000
vn 0.000000 0.866025 -0.500000
vn -0.224144 0.836516 -0.500000
vn -0.433013 0.750000 -0.500000
vn -0.612372 0.612372 -0.500000
vn -0.750000 0.433013 -0.500000
vn 0.000000 0.707107 -0.707107
vn -0.183013 0.683013 -0.707107
vn -0.353553 0.612372 -0.707107
vn -0.500000 0.500000 -0.707107
vn -0.612372 0.353553 -0.707107
vn 0.000000 0.500000 -0.866025
vn -0.129410 0.482963 -0.866025
vn -0.250000 0.433013 -0.866025
vn -0.353553 0.353553 -0.866025
vn -0.433013 0.250000 -0.866025
vn 0.000000 0.258819 -0.965926
vn -0.066987 0.250000 -0.965926
vn -0.129410 0.224144 -0.965926
vn -0.183013 0.183013 -0.965926
vn -0.224144 0.129410 -0.965926
vn -0.000000 -0.000000 -1.000000
vn 0.000000 -0.000000 -1.000000
vn -0.000000 0.000000 -1.000000
vn 0.000000 -0.000000 -1.000000
vn -0.000000 0.000000 -1.000000
vn 0.000000 1.000000 -0.000000
vn 0.000000 0.965926 -0.258819
vn 0.000000 0.866025 -0.500000
vn 0.000000 0.707107 -0.707107
vn 0.000000 0.500000 -0.866025
vn 0.000000 0.258819 -0.965926
vn 0.000000 0.000000 -1.000000
vn 1.000000 -0.000000 0.000000
vn 1.000000 -0.000000 0.000000
vn 1.000000 -0.000000 0.000000
vn 1.000000 -0.000000 0.000000
vn 1.000000 -0.000000 0.000000
vn 1.000000 -0.000000 0.000000
vn 1.000000 -0.000000 0.000000
vn 1.000000 -0.000000 0.000000
vn 1.000000 -0.000000 0.000000
vn 1.000000 -0.000000 0.000000
vn 0.000000 1.000000 0.000000
vn 0.000000 1.000000 0.000000
vn 0.000000 1.000000 0.000000
vn 0.000000 1.000000 0.000000
vn 0.000000 1.000000 0.000000
vn 0.000000 1.000000 0.000000
vn 0.000000 1.000000 0.000000
vn 0.000000 1.000000 0.000000
vn 0.000000 1.000000 0.000000
vn 0.000000 1.000000 0.000000
vn 0.000000 1.000000 0.000000
vn 0.000000 1.000000 0.000000
vn 0.000000 1.000000 0.000000
vn 0.000000 1.000000 0.000000
vn 0.000000 1.000000 0.000000
vn 0.000000 1.000000 0.000000
vn -0.258819 0.965926 -0.000000
vn -0.500000 0.866025 -0.000000
vn -0.707107 0.707107 -0.000000
vn -0.866025 0.500000 -0.000000
vn -0.965926 0.258819 -0.000000
vn -1.000000 0.000000 -0.000000
vn -1.000000 0.000000 0.000000
vn -1.000000 0.000000 0.000000
vn -0.969858 0.000000 0.243671
vn -0.965926 0.000000 0.258819
vn -0.989743 0.000000 0.142857
vn -0.995437 0.000000 0.095420
vn -0.998859 0.000000 0.047764
vn -0.939427 0.000000 0.342748
vn -0.866025 0.000000 0.500000
vn -0.899216 0.000000 0.437505
vn -0.850632 0.000000 0.525762
vn -0.707107 0.000000 0.707107
vn -0.735963 0.000000 0.677022
vn -0.608010 0.000000 0.793929
vn -0.500000 0.000000 0.866025
vn -0.464376 0.000000 0.885638
vn -0.258819 0.000000 0.965926
vn -0.310744 0.000000 0.950494
vn -0.153626 0.000000 0.988129
vn 0.000000 -0.000000 1.000000
vn -0.000000 0.000000 1.000000
vn 0.558417 0.001289 -0.829560
vn 0.394286 0.000620 -0.918988
vn 0.469398 0.155703 -0.869150
vn 0.388564 0.213000 -0.896465
vn 0.452245 0.306659 -0.837517
vn 0.371903 0.415604 -0.830037
vn 0.423829 0.451770 -0.785031
vn 0.343690 0.595145 -0.726415
vn 0.385493 0.584373 -0.714075
vn 0.335897 0.707105 -0.622234
vn 0.459084 0.584208 -0.669285
vn 0.400026 0.706941 -0.583278
vn 0.538802 0.584215 -0.606948
vn 0.469554 0.706947 -0.528910
vn 0.617745 0.584375 -0.526210
vn 0.538300 0.707107 -0.458511
vn 0.680105 0.584411 -0.442630
vn 0.592658 0.707125 -0.385656
vn 0.725409 0.584403 -0.363670
vn 0.632095 0.707120 -0.316920
vn 0.762073 0.584377 -0.278833
vn 0.664058 0.707109 -0.242947
vn 0.784567 0.584419 -0.207145
vn 0.683636 0.707144 -0.180525
vn 0.805458 0.584505 -0.097934
vn 0.701829 0.707222 -0.085284
vn 0.707107 0.707107 -0.000000
vn 0.596355 0.799447 -0.072427
vn 0.500339 0.865830 -0.000000
vn 0.480063 0.875297 -0.058269
vn 0.352991 0.934647 -0.042815
vn 0.343847 0.934623 -0.090826
vn 0.214033 0.975188 -0.056543
vn 0.207921 0.975185 -0.076044
vn 0.000000 1.000000 -0.000000
vn 0.000000 1.000000 -0.000000
vn 0.197955 0.975180 -0.099183
vn 0.185608 0.975180 -0.120720
vn 0.318000 0.934600 -0.159368
vn 0.298166 0.934600 -0.193960
vn 0.432447 0.875214 -0.216773
vn 0.405479 0.875212 -0.263799
vn 0.537153 0.799338 -0.269306
vn 0.503657 0.799338 -0.327703
vn 0.302774 0.746645 -0.592325
vn 0.285400 0.799365 -0.528737
vn 0.339893 0.799192 -0.495747
vn 0.399085 0.799197 -0.449460
vn 0.457410 0.799366 -0.389601
vn 0.251180 0.862264 -0.439783
vn 0.273558 0.875110 -0.399185
vn 0.183768 0.942449 -0.279321
vn 0.201079 0.934541 -0.293600
vn 0.236354 0.934543 -0.266019
vn 0.321351 0.875114 -0.361813
vn 0.368220 0.875243 -0.313631
vn 0.147164 0.975157 -0.165564
vn 0.100534 0.986697 -0.127754
vn 0.000062 1.000000 -0.000062
vn 0.168543 0.975185 -0.143553
vn 0.000000 1.000000 -0.000000
vn 0.219725 0.975198 -0.026630
vn 0.000000 1.000000 -0.000000
vn 0.258448 0.966025 -0.000000
vn 0.865830 0.500339 -0.000000
vn 0.885579 0.451827 -0.107714
vn 0.862580 0.451768 -0.227731
vn 0.837809 0.451773 -0.306555
vn 0.797581 0.451613 -0.399887
vn 0.747785 0.451597 -0.486701
vn 0.679140 0.451770 -0.578509
vn 0.592334 0.451438 -0.667341
vn 0.504814 0.451429 -0.735782
vn 0.966025 0.258448 -0.000000
vn 0.944884 0.306572 -0.114925
vn 0.920305 0.306567 -0.243015
vn 0.893871 0.306659 -0.327039
vn 0.850903 0.306175 -0.426873
vn 0.797924 0.306117 -0.519240
vn 0.724612 0.306655 -0.617171
vn 0.631833 0.306041 -0.712128
vn 0.538808 0.306028 -0.784878
vn 1.000000 0.000000 -0.000000
vn 0.998115 0.000534 -0.061376
vn 0.980575 0.155732 -0.119252
vn 0.989960 0.000358 -0.141349
vn 0.955056 0.155705 -0.252238
vn 0.971815 0.000236 -0.235746
vn 0.932989 0.000009 -0.359905
vn 0.927675 0.155705 -0.339374
vn 0.882840 0.155648 -0.443133
vn 0.857005 0.001809 -0.515305
vn 0.827992 0.155643 -0.538707
vn 0.799372 0.000671 -0.600836
vn 0.752042 0.155704 -0.640461
vn 0.723927 0.000249 -0.689876
vn 0.655468 0.155574 -0.739025
vn 0.641225 0.001684 -0.767351
vn 0.559255 0.155570 -0.814267
vn 0.270759 0.934615 -0.230618
vn 0.334017 0.934616 -0.122174
vn 0.454244 0.875244 -0.166162
vn 0.467625 0.875256 -0.123508
vn 0.564269 0.799368 -0.206423
vn 0.580899 0.799388 -0.153413
vn 0.258819 0.965926 0.000000
vn 0.258819 0.965926 0.000000
vn 0.500000 0.866025 0.000000
vn 0.500000 0.866025 0.000000
vn 0.707107 0.707107 0.000000
vn 0.866025 0.500000 0.000000
vn 0.866025 0.500000 0.000000
vn 0.965926 0.258819 0.000000
vn 0.965926 0.258819 0.000000
vn 1.000000 -0.000000 -0.000000
vn 0.050493 0.965926 0.253846
vn 0.000000 0.965926 0.258819
vn 0.000000 0.866025 0.500000
vn 0.097545 0.866025 0.490393
vn 0.000000 0.707107 0.707107
vn 0.137950 0.707107 0.693520
vn 0.000000 0.500000 0.866025
vn 0.168953 0.500000 0.849385
vn 0.000000 0.258819 0.965926
vn 0.188443 0.258819 0.947366
vn 0.000000 -0.000000 1.000000
vn 0.195090 0.000000 0.980785
vn 0.369644 0.258819 0.892399
vn 0.382683 0.000000 0.923880
vn 0.536640 0.258819 0.803138
vn 0.555570 0.000000 0.831470
vn 0.683013 0.258819 0.683013
vn 0.707107 0.000000 0.707107
vn 0.803138 0.258819 0.536640
vn 0.831470 0.000000 0.555570
vn 0.892399 0.258819 0.369644
vn 0.923880 0.000000 0.382683
vn 0.947366 0.258819 0.188443
vn 0.980785 0.000000 0.195090
vn 0.849385 0.500000 0.168953
vn 0.800103 0.500000 0.331414
vn 0.720074 0.500000 0.481138
vn 0.612372 0.500000 0.612372
vn 0.481138 0.500000 0.720074
vn 0.331414 0.500000 0.800103
vn 0.693520 0.707107 0.137950
vn 0.653281 0.707107 0.270598
vn 0.587938 0.707107 0.392847
vn 0.500000 0.707107 0.500000
vn 0.392847 0.707107 0.587938
vn 0.270598 0.707107 0.653281
vn 0.490393 0.866025 0.097545
vn 0.461940 0.866025 0.191342
vn 0.415735 0.866025 0.277785
vn 0.353553 0.866025 0.353553
vn 0.277785 0.866025 0.415735
vn 0.191342 0.866025 0.461940
vn 0.253846 0.965926 0.050493
vn 0.239118 0.965926 0.099046
vn 0.215200 0.965926 0.143792
vn 0.183013 0.965926 0.183013
vn 0.143792 0.965926 0.215200
vn 0.099046 0.965926 0.239118
vn 0.000000 0.965926 0.258819
vn 0.000000 0.866025 0.500000
vn 0.000000 0.707107 0.707107
vn 0.000000 0.500000 0.866025
vn 0.000000 0.258819 0.965926
vn -0.185744 0.153913 0.970469
vn -0.084530 0.388644 0.917502
vn -0.310406 0.459042 0.832423
vn -0.201121 0.666568 0.717801
vn -0.518881 0.495400 0.696665
vn -0.407464 0.702554 0.583430
vn -0.696665 0.495400 0.518881
vn -0.583430 0.702554 0.407464
vn -0.832423 0.459042 0.310406
vn -0.717801 0.666568 0.201121
vn -0.554261 0.828668 0.078131
vn -0.430436 0.861830 0.268280
vn -0.248108 0.962374 0.110813
vn -0.110813 0.962374 0.248108
vn -0.268280 0.861830 0.430436
vn -0.078131 0.828668 0.554261
vn -0.917502 0.388644 0.084530
vn -0.970469 0.153913 0.185744
vn -0.890318 0.220233 0.398536
vn -0.762422 0.254486 0.594936
vn -0.594936 0.254486 0.762422
vn -0.398536 0.220233 0.890318
vn -1.000000 0.000000 0.000000
vn -1.000000 0.000000 0.000000
vn -1.000000 0.000000 0.000000
vn -1.000000 0.000000 0.000000
vn -1.000000 0.000000 0.000000
vn -1.000000 0.000000 0.000000
vn -1.000000 0.000000 0.000000
vn -1.000000 0.000000 0.000000
vn -1.000000 0.000000 0.000000
vn -1.000000 0.000000 0.000000
vn -1.000000 0.000000 0.000000
vn -1.000000 0.000000 0.000000
vn 0.555377 0.000000 -0.831599
vn 0.431340 0.000000 -0.902189
vn 0.393280 0.000000 -0.919419
vn 0.431340 0.000000 -0.902189
vn 0.431340 0.000000 -0.902189
vn 0.559277 0.000000 -0.828981
vn 0.559277 0.000000 -0.828981
vn 0.681281 0.000000 -0.732022
vn 0.681281 0.000000 -0.732022
vn 0.787771 0.000000 -0.615968
vn 0.787771 0.000000 -0.615968
vn 0.872010 0.000000 -0.489487
vn 0.872010 0.000000 -0.489487
vn 0.937407 0.000000 -0.348235
vn 0.937407 0.000000 -0.348235
vn 0.976265 0.000000 -0.216578
vn 0.976265 0.000000 -0.216578
vn 0.994983 0.000000 -0.100047
vn 0.994983 0.000000 -0.100047
vn 0.994983 0.000000 -0.100047
vn 0.994983 0.000000 -0.100047
vn 0.976265 0.000000 -0.216578
vn 0.976265 0.000000 -0.216578
vn 0.937407 0.000000 -0.348235
vn 0.937407 0.000000 -0.348235
vn 0.872010 0.000000 -0.489487
vn 0.872010 0.000000 -0.489487
vn 0.787771 0.000000 -0.615968
vn 0.787771 0.000000 -0.615968
vn 0.681281 0.000000 -0.732022
vn 0.707196 0.000000 -0.707017
vn 0.582298 0.000000 -0.812975
vn 0.559277 0.000000 -0.828981
vn 0.642776 0.000000 -0.766055
vn 0.681281 0.000000 -0.732022
vn 0.726072 0.000000 -0.687619
vn 0.787771 0.000000 -0.615968
vn 0.798789 0.000000 -0.601612
vn 0.856906 0.000000 -0.515473
vn 0.872010 0.000000 -0.489487
vn 0.933052 0.000000 -0.359741
vn 0.937407 0.000000 -0.348235
vn 0.971675 0.000000 -0.236322
vn 0.976265 0.000000 -0.216578
vn 0.990214 0.000000 -0.139559
vn 0.994983 0.000000 -0.100047
vn 0.998038 0.000000 -0.062605
vn 1.000000 0.000000 0.000000
vn 0.994983 0.000000 -0.100047
vn 0.994983 0.000000 -0.100047
vn 0.994443 0.000000 -0.105275
vn 0.994983 0.000000 -0.100047
vn 0.994983 0.000000 -0.100047
vn 0.976265 0.000000 -0.216578
vn 0.976265 0.000000 -0.216578
vn 0.937407 0.000000 -0.348235
vn 0.976265 0.000000 -0.216578
vn 0.967835 0.000000 -0.251587
vn 0.937407 0.000000 -0.348235
vn 0.938154 0.000000 -0.346219
vn 0.889200 0.000000 -0.457519
vn 0.872010 0.000000 -0.489487
vn 0.813085 0.000000 -0.582145
vn 0.559277 0.000000 -0.828981
vn 0.457727 0.000000 -0.889093
vn 0.393280 0.000000 -0.919419
vn 0.346407 0.000000 -0.938084
vn 0.270195 0.000000 -0.962806
vn 0.251703 0.000000 -0.967805
vn 0.163984 0.000000 -0.986463
vn 0.105389 0.000000 -0.994431
vn 0.074460 0.000000 -0.997224
vn -0.000000 -0.000000 -1.000000
vn -0.000000 -0.000000 -1.000000
vn 0.431340 0.000000 -0.902189
vn 0.431340 0.000000 -0.902189
vn 0.431340 0.000000 -0.902189
vn 0.559277 0.000000 -0.828981
vn 0.681281 0.000000 -0.732022
vn 0.431340 0.000000 -0.902189
vn 0.431340 0.000000 -0.902189
vn 0.559277 0.000000 -0.828981
vn 0.559277 0.000000 -0.828981
vn 0.681281 0.000000 -0.732022
vn 0.681281 0.000000 -0.732022
vn 0.787771 0.000000 -0.615968
vn 0.787771 0.000000 -0.615968
vn 0.872010 0.000000 -0.489487
vn 0.872010 0.000000 -0.489487
vn 0.937407 0.000000 -0.348235
vn 0.937407 0.000000 -0.348235
vn 0.976265 0.000000 -0.216578
vn 0.431340 0.000000 -0.902189
vn 0.559277 0.000000 -0.828981
vn 0.681281 0.000000 -0.732022
vn 0.787771 0.000000 -0.615968
vn 0.872010 0.000000 -0.489487
vn 0.559277 0.000000 -0.828981
vn 0.681281 0.000000 -0.732022
vn 0.787771 0.000000 -0.615968
vn 0.000000 0.993062 0.117593
vn 0.000000 0.965926 0.258819
vn 0.000000 0.972433 0.233181
vn 0.000000 0.939060 0.343754
vn 0.000000 0.866025 0.500000
vn 0.000000 0.894678 0.446711
vn 0.000000 0.782072 0.623188
vn 0.000000 0.707107 0.707107
vn 0.000000 0.650419 0.759575
vn 0.000000 0.500000 0.866025
vn 0.000000 0.499050 0.866573
vn 0.000000 0.334936 0.942241
vn 0.000000 0.258819 0.965926
vn 0.000000 0.165866 0.986148
vn -0.000000 -0.000000 1.000000
vn -0.965926 0.000000 0.258819
vn -0.933013 0.250000 0.258819
vn -0.836516 0.482963 0.258819
vn -0.683013 0.683013 0.258819
vn -0.482963 0.836516 0.258819
vn -0.250000 0.933013 0.258819
vn -0.224144 0.836516 0.500000
vn -0.183013 0.683013 0.707107
vn -0.129410 0.482963 0.866025
vn -0.066987 0.250000 0.965926
vn -0.000000 0.000000 1.000000
vn -0.866025 0.000000 0.500000
vn -0.836516 0.224144 0.500000
vn -0.750000 0.433013 0.500000
vn -0.612372 0.612372 0.500000
vn -0.433013 0.750000 0.500000
vn -0.707107 0.000000 0.707107
vn -0.683013 0.183013 0.707107
vn -0.612372 0.353553 0.707107
vn -0.500000 0.500000 0.707107
vn -0.353553 0.612372 0.707107
vn -0.500000 0.000000 0.866025
vn -0.482963 0.129410 0.866025
vn -0.433013 0.250000 0.866025
vn -0.353553 0.353553 0.866025
vn -0.250000 0.433013 0.866025
vn -0.258819 0.000000 0.965926
vn -0.250000 0.066987 0.965926
vn -0.224144 0.129410 0.965926
vn -0.183013 0.183013 0.965926
vn -0.129410 0.224144 0.965926
vn 0.000000 -0.000000 1.000000
vn 0.000000 -0.000000 1.000000
vn 0.000000 -0.000000 1.000000
vn 0.000000 -0.000000 1.000000
vn 0.000000 -0.000000 1.000000
vn -0.965926 0.000000 0.258819
vn -0.866025 0.000000 0.500000
vn -0.707107 0.000000 0.707107
vn -0.500000 0.000000 0.866025
vn -0.258819 0.000000 0.965926
vn 0.000000 -0.000000 1.000000
vn -0.000000 -1.000000 -0.000000
vn -0.000000 -0.965926 0.258819
vn -0.258819 -0.965926 -0.000000
vn -0.250000 -0.933013 0.258819
vn -0.500000 -0.866025 -0.000000
vn -0.482963 -0.836516 0.258819
vn -0.707107 -0.707107 -0.000000
vn -0.683013 -0.683013 0.258819
vn -0.866025 -0.500000 -0.000000
vn -0.836516 -0.482963 0.258819
vn -0.965926 -0.258819 -0.000000
vn -0.933013 -0.250000 0.258819
vn -0.836516 -0.224144 0.500000
vn -0.683013 -0.183013 0.707107
vn -0.482963 -0.129410 0.866025
vn -0.250000 -0.066987 0.965926
vn -0.000000 -0.000000 1.000000
vn -0.000000 -0.866025 0.500000
vn -0.224144 -0.836516 0.500000
vn -0.433013 -0.750000 0.500000
vn -0.612372 -0.612372 0.500000
vn -0.750000 -0.433013 0.500000
vn -0.000000 -0.707107 0.707107
vn -0.183013 -0.683013 0.707107
vn -0.353553 -0.612372 0.707107
vn -0.500000 -0.500000 0.707107
vn -0.612372 -0.353553 0.707107
vn -0.000000 -0.500000 0.866025
vn -0.129410 -0.482963 0.866025
vn -0.250000 -0.433013 0.866025
vn -0.353553 -0.353553 0.866025
vn -0.433013 -0.250000 0.866025
vn -0.000000 -0.258819 0.965926
vn -0.066987 -0.250000 0.965926
vn -0.129410 -0.224144 0.965926
vn -0.183013 -0.183013 0.965926
vn -0.224144 -0.129410 0.965926
vn 0.000000 0.000000 1.000000
vn 0.000000 0.000000 1.000000
vn 0.000000 0.000000 1.000000
vn 0.000000 0.000000 1.000000
vn 0.000000 0.000000 1.000000
vn -0.000000 -1.000000 -0.000000
vn -0.000000 -0.965926 0.258819
vn -0.000000 -0.866025 0.500000
vn -0.000000 -0.707107 0.707107
vn -0.000000 -0.500000 0.866025
vn -0.000000 -0.258819 0.965926
vn 0.000000 0.000000 1.000000
vn 0.000000 -1.000000 0.000000
vn 0.000000 -1.000000 -0.000000
vn 0.253846 -0.965926 0.050493
vn 0.258819 -0.965926 -0.000000
vn 0.500000 -0.866025 -0.000000
vn 0.490393 -0.866025 0.097545
vn 0.707107 -0.707107 -0.000000
vn 0.693520 -0.707107 0.137950
vn 0.866025 -0.500000 -0.000000
vn 0.849385 -0.500000 0.168953
vn 0.965926 -0.258819 -0.000000
vn 0.947366 -0.258819 0.188443
vn 1.000000 0.000000 -0.000000
vn 0.980785 0.000000 0.195090
vn 0.892399 -0.258819 0.369644
vn 0.923880 0.000000 0.382683
vn 0.803138 -0.258819 0.536640
vn 0.831470 0.000000 0.555570
vn 0.683013 -0.258819 0.683013
vn 0.707107 0.000000 0.707107
vn 0.536640 -0.258819 0.803138
vn 0.555570 0.000000 0.831470
vn 0.369644 -0.258819 0.892399
vn 0.382683 0.000000 0.923880
vn 0.188443 -0.258819 0.947366
vn 0.195090 0.000000 0.980785
vn 0.168953 -0.500000 0.849385
vn 0.331414 -0.500000 0.800103
vn 0.481138 -0.500000 0.720074
vn 0.612372 -0.500000 0.612372
vn 0.720074 -0.500000 0.481138
vn 0.800103 -0.500000 0.331414
vn 0.137950 -0.707107 0.693520
vn 0.270598 -0.707107 0.653281
vn 0.392847 -0.707107 0.587938
vn 0.500000 -0.707107 0.500000
vn 0.587938 -0.707107 0.392847
vn 0.653281 -0.707107 0.270598
vn 0.097545 -0.866025 0.490393
vn 0.191342 -0.866025 0.461940
vn 0.277785 -0.866025 0.415735
vn 0.353553 -0.866025 0.353553
vn 0.415735 -0.866025 0.277785
vn 0.461940 -0.866025 0.191342
vn 0.050493 -0.965926 0.253846
vn 0.099046 -0.965926 0.239118
vn 0.143792 -0.965926 0.215200
vn 0.183013 -0.965926 0.183013
vn 0.215200 -0.965926 0.143792
vn 0.239118 -0.965926 0.099046
vn 0.000000 -1.000000 0.000000
vn 0.000000 -1.000000 0.000000
vn 0.000000 -1.000000 0.000000
vn 0.000000 -1.000000 0.000000
vn -0.000000 -1.000000 -0.000000
vn 0.258819 -0.965926 -0.000000
vn 0.500000 -0.866025 -0.000000
vn 0.707107 -0.707107 -0.000000
vn 0.866025 -0.500000 -0.000000
vn 0.965926 -0.258819 -0.000000
vn -0.000000 -1.000000 -0.000000
vn -0.000000 -1.000000 -0.000000
vn 0.015969 -0.975181 -0.220831
vn 0.000000 -0.966025 -0.258448
vn 0.025658 -0.934612 -0.354743
vn 0.000000 -0.865830 -0.500339
vn 0.034898 -0.875243 -0.482423
vn 0.043358 -0.799372 -0.599270
vn 0.094893 -0.875269 -0.474237
vn 0.117873 -0.799412 -0.589107
vn 0.133467 -0.875243 -0.464904
vn 0.165822 -0.799372 -0.577501
vn 0.178211 -0.875250 -0.449643
vn 0.221360 -0.799386 -0.558553
vn 0.232739 -0.875243 -0.424007
vn 0.289132 -0.799374 -0.526691
vn 0.292735 -0.875195 -0.385150
vn 0.363648 -0.799310 -0.478396
vn 0.350792 -0.875238 -0.333023
vn 0.435753 -0.799363 -0.413687
vn 0.399069 -0.875218 -0.273380
vn 0.495701 -0.799341 -0.339608
vn 0.426696 -0.875238 -0.227791
vn 0.530041 -0.799366 -0.282968
vn 0.446548 -0.875238 -0.185885
vn 0.554705 -0.799366 -0.230904
vn 0.469564 -0.875285 -0.115696
vn 0.583305 -0.799437 -0.143722
vn 0.479727 -0.875239 -0.061799
vn 0.595920 -0.799365 -0.076778
vn 0.483278 -0.875249 -0.019518
vn 0.600335 -0.799381 -0.024231
vn 0.500339 -0.865830 -0.000000
vn 0.706503 -0.707137 -0.028497
vn 0.810815 -0.584390 -0.032676
vn 0.804839 -0.584359 -0.103728
vn 0.884821 -0.451758 -0.114046
vn 0.866223 -0.451782 -0.213425
vn 0.924234 -0.306476 -0.227737
vn 0.878739 -0.306599 -0.365807
vn 0.911913 -0.155695 -0.379703
vn 0.871436 -0.155695 -0.465144
vn 0.889162 -0.000280 -0.457592
vn 0.814767 -0.155670 -0.558500
vn 0.812903 -0.000701 -0.582399
vn 0.716357 -0.155699 -0.680140
vn 0.706408 -0.000144 -0.707805
vn 0.597983 -0.155645 -0.786251
vn 0.583384 -0.000618 -0.812196
vn 0.475335 -0.155695 -0.865919
vn 0.458090 -0.000582 -0.888906
vn 0.364018 -0.155691 -0.918287
vn 0.345981 -0.000414 -0.938241
vn 0.272685 -0.155701 -0.949421
vn 0.252618 -0.000287 -0.967566
vn 0.193816 -0.155708 -0.968602
vn 0.105568 -0.000013 -0.994412
vn 0.071292 -0.155699 -0.985229
vn 0.000000 -0.258448 -0.966025
vn 0.068709 -0.306610 -0.949352
vn 0.064411 -0.451754 -0.889814
vn 0.175010 -0.451769 -0.874801
vn 0.159182 -0.584446 -0.795666
vn 0.224042 -0.584371 -0.779946
vn 0.195181 -0.707121 -0.679621
vn 0.260475 -0.707158 -0.657328
vn 0.000000 -0.707107 -0.707107
vn 0.051034 -0.707123 -0.705247
vn 0.138711 -0.707185 -0.693288
vn 0.058582 -0.584374 -0.809367
vn 0.000000 -0.500339 -0.865830
vn 0.938014 -0.000013 -0.346597
vn 0.959110 -0.155715 -0.236350
vn 0.944015 -0.306648 -0.121662
vn 0.891417 -0.451760 -0.035910
vn 0.865830 -0.500339 -0.000000
vn 0.967736 -0.000728 -0.251964
vn 0.979704 -0.155699 -0.126246
vn 0.951067 -0.306597 -0.038337
vn 0.966025 -0.258448 -0.000000
vn 0.994381 -0.000140 -0.105859
vn 0.987001 -0.155702 -0.039814
vn 0.355369 -0.934616 -0.014362
vn 0.258448 -0.966025 -0.000000
vn 0.221220 -0.975183 -0.008947
vn -0.000000 -1.000000 -0.000000
vn 0.219599 -0.975180 -0.028280
vn -0.000000 -1.000000 -0.000000
vn 0.214933 -0.975192 -0.052956
vn 0.204408 -0.975180 -0.085094
vn 0.328362 -0.934609 -0.136690
vn 0.313766 -0.934609 -0.167500
vn -0.000000 -1.000000 -0.000000
vn 0.195325 -0.975180 -0.104267
vn 0.293462 -0.934598 -0.201012
vn 0.182690 -0.975176 -0.125122
vn -0.000000 -1.000000 -0.000000
vn 0.160581 -0.975180 -0.152440
vn -0.000000 -1.000000 -0.000000
vn 0.133978 -0.975171 -0.176327
vn -0.000000 -1.000000 -0.000000
vn 0.106513 -0.975182 -0.194102
vn -0.000000 -1.000000 -0.000000
vn 0.081589 -0.975184 -0.205816
vn -0.000000 -1.000000 -0.000000
vn 0.061069 -0.975181 -0.212819
vn 0.043440 -0.975188 -0.217075
vn 0.069779 -0.934627 -0.348715
vn 0.186745 -0.306518 -0.933366
vn 0.262787 -0.306629 -0.914834
vn 0.350690 -0.306451 -0.884932
vn 0.458105 -0.306560 -0.834363
vn 0.576189 -0.306317 -0.757744
vn 0.690273 -0.306654 -0.655353
vn 0.785197 -0.306442 -0.538107
vn 0.839677 -0.306597 -0.448264
vn 0.246334 -0.451759 -0.857457
vn 0.298885 -0.584418 -0.754403
vn 0.340294 -0.707131 -0.619811
vn 0.098124 -0.934612 -0.341865
vn 0.131052 -0.934617 -0.330631
vn 0.171125 -0.934612 -0.311794
vn 0.215242 -0.934585 -0.283234
vn 0.257953 -0.934609 -0.244881
vn 0.328599 -0.451725 -0.829438
vn 0.429436 -0.451743 -0.781993
vn 0.539967 -0.451614 -0.710268
vn 0.647003 -0.451757 -0.614249
vn 0.736004 -0.451679 -0.504266
vn 0.786991 -0.451744 -0.420205
vn 0.823660 -0.451745 -0.342797
vn 0.390588 -0.584385 -0.711292
vn 0.427945 -0.707072 -0.562950
vn 0.491113 -0.584326 -0.646043
vn 0.588521 -0.584355 -0.558724
vn 0.669456 -0.584353 -0.458650
vn 0.715842 -0.584367 -0.382211
vn 0.749194 -0.584366 -0.311809
vn 0.787841 -0.584489 -0.194112
vn 0.512814 -0.707107 -0.486849
vn 0.583337 -0.707100 -0.399661
vn 0.623767 -0.707116 -0.333020
vn 0.652805 -0.707115 -0.271724
vn 0.686461 -0.707223 -0.169138
vn 0.701305 -0.707110 -0.090369
vn 0.345277 -0.934637 -0.085071
vn 0.352762 -0.934609 -0.045437
vn -0.000000 -1.000000 0.000000
vn -0.000000 -0.965926 -0.258819
vn -0.000000 -0.965926 -0.258819
vn -0.000000 -0.866025 -0.500000
vn -0.000000 -0.866025 -0.500000
vn -0.000000 -0.707107 -0.707107
vn -0.000000 -0.500000 -0.866025
vn -0.000000 -0.500000 -0.866025
vn -0.000000 -0.258819 -0.965926
vn -0.000000 -0.258819 -0.965926
vn -0.000000 -0.000000 -1.000000
vn -0.965926 -0.000000 -0.258819
vn -0.965926 -0.258819 0.000000
vn -0.933013 -0.250000 -0.258819
vn -0.866025 -0.500000 0.000000
vn -0.836516 -0.482963 -0.258819
vn -0.707107 -0.707107 0.000000
vn -0.683013 -0.683013 -0.258819
vn -0.500000 -0.866025 0.000000
vn -0.482963 -0.836516 -0.258819
vn -0.258819 -0.965926 0.000000
vn -0.250000 -0.933013 -0.258819
vn -0.224144 -0.836516 -0.500000
vn -0.183013 -0.683013 -0.707107
vn -0.129410 -0.482963 -0.866025
vn -0.066987 -0.250000 -0.965926
vn 0.000000 0.000000 -1.000000
vn -0.866025 -0.000000 -0.500000
vn -0.836516 -0.224144 -0.500000
vn -0.750000 -0.433013 -0.500000
vn -0.612372 -0.612372 -0.500000
vn -0.433013 -0.750000 -0.500000
vn -0.707107 -0.000000 -0.707107
vn -0.683013 -0.183013 -0.707107
vn -0.612372 -0.353553 -0.707107
vn -0.500000 -0.500000 -0.707107
vn -0.353553 -0.612372 -0.707107
vn -0.500000 -0.000000 -0.866025
vn -0.482963 -0.129410 -0.866025
vn -0.433013 -0.250000 -0.866025
vn -0.353553 -0.353553 -0.866025
vn -0.250000 -0.433013 -0.866025
vn -0.258819 -0.000000 -0.965926
vn -0.250000 -0.066987 -0.965926
vn -0.224144 -0.129410 -0.965926
vn -0.183013 -0.183013 -0.965926
vn -0.129410 -0.224144 -0.965926
vn 0.000000 -0.000000 -1.000000
vn -0.000000 -0.000000 -1.000000
vn 0.000000 0.000000 -1.000000
vn 0.000000 0.000000 -1.000000
vn 0.000000 0.000000 -1.000000
vn -0.965926 0.000000 -0.258819
vn -0.866025 0.000000 -0.500000
vn -0.707107 0.000000 -0.707107
vn -0.500000 0.000000 -0.866025
vn -0.258819 0.000000 -0.965926
vn -0.000000 0.000000 -1.000000
vn 0.000000 0.000000 -1.000000
vn -0.000000 -0.000000 -1.000000
vn -0.000000 -0.000000 -1.000000
vn -0.000000 -0.000000 -1.000000
vn -0.000000 -0.000000 -1.000000
vn -0.000000 -0.000000 -1.000000
vn -0.000000 -0.000000 -1.000000
vn 0.000000 1.000000 0.000000
vn 0.000000 1.000000 0.000000
vn 0.000000 1.000000 0.000000
vn 0.000000 1.000000 0.000000
vn 0.000000 1.000000 0.000000
vn 0.000000 1.000000 0.000000
vn 0.000000 1.000000 0.000000
vn 0.000000 1.000000 0.000000
vn 0.000000 1.000000 0.000000
vn 0.000000 1.000000 0.000000
vn 0.000000 1.000000 0.000000
vn 0.000000 1.000000 0.000000
vn 0.000000 1.000000 0.000000
vn 0.000000 1.000000 0.000000
usemtl Steel_-_Satin
f 14/1/1 1/2/2 13/3/3
f 13/3/3 1/2/2 2/4/4
f 13/3/3 2/4/4 12/5/5
f 12/5/5 2/4/4 3/6/6
f 12/5/5 3/6/6 11/7/7
f 11/7/7 3/6/6 4/8/8
f 11/7/7 4/8/8 10/9/9
f 10/9/9 4/8/8 5/10/10
f 10/9/9 5/10/10 9/11/11
f 9/11/11 5/10/10 6/12/12
f 9/11/11 6/12/12 8/13/13
f 8/13/13 6/12/12 7/14/14
f 15/15/15 16/16/16 31/17/17
f 31/17/17 16/16/16 36/18/18
f 31/17/17 36/18/18 30/19/19
f 30/19/19 36/18/18 41/20/20
f 30/19/19 41/20/20 29/21/21
f 29/21/21 41/20/20 46/22/22
f 29/21/21 46/22/22 28/23/23
f 28/23/23 46/22/22 51/24/24
f 28/23/23 51/24/24 27/25/25
f 27/25/25 51/24/24 56/26/26
f 27/25/25 56/26/26 8/27/13
f 8/27/13 56/26/26 9/28/11
f 9/28/11 56/26/26 55/29/27
f 9/28/11 55/29/27 10/30/9
f 10/30/9 55/29/27 54/31/28
f 10/30/9 54/31/28 11/32/7
f 11/32/7 54/31/28 53/33/29
f 11/32/7 53/33/29 12/34/5
f 12/34/5 53/33/29 52/35/30
f 12/34/5 52/35/30 13/36/3
f 13/36/3 52/35/30 26/37/31
f 13/36/3 26/37/31 14/38/1
f 16/16/16 17/39/32 36/18/18
f 36/18/18 17/39/32 35/40/33
f 36/18/18 35/40/33 41/20/20
f 41/20/20 35/40/33 40/41/34
f 41/20/20 40/41/34 46/22/22
f 46/22/22 40/41/34 45/42/35
f 46/22/22 45/42/35 51/24/24
f 51/24/24 45/42/35 50/43/36
f 51/24/24 50/43/36 56/26/26
f 56/26/26 50/43/36 55/29/27
f 17/39/32 18/44/37 35/40/33
f 35/40/33 18/44/37 34/45/38
f 35/40/33 34/45/38 40/41/34
f 40/41/34 34/45/38 39/46/39
f 40/41/34 39/46/39 45/42/35
f 45/42/35 39/46/39 44/47/40
f 45/42/35 44/47/40 50/43/36
f 50/43/36 44/47/40 49/48/41
f 50/43/36 49/48/41 55/29/27
f 55/29/27 49/48/41 54/31/28
f 18/44/37 19/49/42 34/45/38
f 34/45/38 19/49/42 33/50/43
f 34/45/38 33/50/43 39/46/39
f 39/46/39 33/50/43 38/51/44
f 39/46/39 38/51/44 44/47/40
f 44/47/40 38/51/44 43/52/45
f 44/47/40 43/52/45 49/48/41
f 49/48/41 43/52/45 48/53/46
f 49/48/41 48/53/46 54/31/28
f 54/31/28 48/53/46 53/33/29
f 19/49/42 20/54/47 33/50/43
f 33/50/43 20/54/47 32/55/48
f 33/50/43 32/55/48 38/51/44
f 38/51/44 32/55/48 37/56/49
f 38/51/44 37/56/49 43/52/45
f 43/52/45 37/56/49 42/57/50
f 43/52/45 42/57/50 48/53/46
f 48/53/46 42/57/50 47/58/51
f 48/53/46 47/58/51 53/33/29
f 53/33/29 47/58/51 52/35/30
f 20/54/47 21/59/52 32/55/48
f 32/55/48 21/59/52 22/60/53
f 32/55/48 22/60/53 37/56/49
f 37/56/49 22/60/53 23/61/54
f 37/56/49 23/61/54 42/57/50
f 42/57/50 23/61/54 24/62/55
f 42/57/50 24/62/55 47/58/51
f 47/58/51 24/62/55 25/63/56
f 47/58/51 25/63/56 52/35/30
f 52/35/30 25/63/56 26/37/31
f 57/64/57 58/65/58 15/66/15
f 15/66/15 58/65/58 16/67/16
f 16/67/16 58/65/58 59/68/59
f 16/67/16 59/68/59 60/69/60
f 16/67/16 60/69/60 17/70/32
f 17/70/32 60/69/60 61/71/61
f 17/70/32 61/71/61 18/72/37
f 18/72/37 61/71/61 62/73/62
f 18/72/37 62/73/62 63/74/63
f 18/72/37 63/74/63 19/75/42
f 19/75/42 63/74/63 64/76/64
f 19/75/42 64/76/64 20/77/47
f 20/77/47 64/76/64 65/78/65
f 20/77/47 65/78/65 21/79/52
f 21/79/52 65/78/65 66/80/66
f 57/81/57 15/82/15 73/83/67
f 73/83/67 15/82/15 67/84/68
f 73/83/67 67/84/68 72/85/69
f 72/85/69 67/84/68 68/86/70
f 72/85/69 68/86/70 71/87/71
f 71/87/71 68/86/70 70/88/72
f 70/88/72 68/86/70 69/89/73
f 67/90/68 15/91/15 79/92/74
f 79/92/74 15/91/15 31/93/17
f 79/92/74 31/93/17 78/94/75
f 78/94/75 31/93/17 30/95/19
f 78/94/75 30/95/19 77/96/76
f 77/96/76 30/95/19 29/97/21
f 77/96/76 29/97/21 76/98/77
f 76/98/77 29/97/21 28/99/23
f 76/98/77 28/99/23 75/100/78
f 75/100/78 28/99/23 27/101/25
f 75/100/78 27/101/25 74/102/79
f 74/102/79 27/101/25 8/103/13
f 7/104/14 80/105/80 8/106/13
f 8/106/13 80/105/80 74/107/79
f 74/107/79 80/105/80 81/108/81
f 74/107/79 81/108/81 84/109/82
f 84/109/82 81/108/81 83/110/83
f 83/110/83 81/108/81 82/111/84
f 6/112/85 5/113/86 7/114/87
f 7/114/87 5/113/86 4/115/88
f 7/114/87 4/115/88 3/116/89
f 3/116/89 2/117/90 7/114/87
f 7/114/87 2/117/90 1/118/91
f 7/114/87 1/118/91 86/119/92
f 86/119/92 1/118/91 85/120/93
f 86/119/92 80/121/94 7/114/87
f 57/122/95 87/123/96 58/124/97
f 58/124/97 87/123/96 88/125/98
f 58/124/97 88/125/98 59/126/99
f 59/126/99 88/125/98 60/127/100
f 60/127/100 88/125/98 89/128/101
f 60/127/100 89/128/101 61/129/102
f 61/129/102 89/128/101 90/130/103
f 61/129/102 90/130/103 62/131/104
f 62/131/104 90/130/103 63/132/105
f 63/132/105 90/130/103 91/133/106
f 63/132/105 91/133/106 64/134/107
f 64/134/107 91/133/106 92/135/108
f 64/134/107 92/135/108 65/136/109
f 65/136/109 92/135/108 93/137/110
f 65/136/109 93/137/110 66/138/66
f 94/139/111 95/140/112 110/141/113
f 110/141/113 95/140/112 115/142/114
f 110/141/113 115/142/114 109/143/115
f 109/143/115 115/142/114 120/144/116
f 109/143/115 120/144/116 108/145/117
f 108/145/117 120/144/116 125/146/118
f 108/145/117 125/146/118 107/147/119
f 107/147/119 125/146/118 130/148/120
f 107/147/119 130/148/120 106/149/121
f 106/149/121 130/148/120 135/150/122
f 106/149/121 135/150/122 87/151/96
f 87/151/96 135/150/122 88/152/98
f 88/152/98 135/150/122 134/153/123
f 88/152/98 134/153/123 89/154/101
f 89/154/101 134/153/123 133/155/124
f 89/154/101 133/155/124 90/156/103
f 90/156/103 133/155/124 132/157/125
f 90/156/103 132/157/125 91/158/106
f 91/158/106 132/157/125 131/159/126
f 91/158/106 131/159/126 92/160/108
f 92/160/108 131/159/126 105/161/127
f 92/160/108 105/161/127 93/162/110
f 95/140/112 96/163/128 115/142/114
f 115/142/114 96/163/128 114/164/129
f 115/142/114 114/164/129 120/144/116
f 120/144/116 114/164/129 119/165/130
f 120/144/116 119/165/130 125/146/118
f 125/146/118 119/165/130 124/166/131
f 125/146/118 124/166/131 130/148/120
f 130/148/120 124/166/131 129/167/132
f 130/148/120 129/167/132 135/150/122
f 135/150/122 129/167/132 134/153/123
f 96/163/128 97/168/133 114/164/129
f 114/164/129 97/168/133 113/169/134
f 114/164/129 113/169/134 119/165/130
f 119/165/130 113/169/134 118/170/135
f 119/165/130 118/170/135 124/166/131
f 124/166/131 118/170/135 123/171/136
f 124/166/131 123/171/136 129/167/132
f 129/167/132 123/171/136 128/172/137
f 129/167/132 128/172/137 134/153/123
f 134/153/123 128/172/137 133/155/124
f 97/168/133 98/173/138 113/169/134
f 113/169/134 98/173/138 112/174/139
f 113/169/134 112/174/139 118/170/135
f 118/170/135 112/174/139 117/175/140
f 118/170/135 117/175/140 123/171/136
f 123/171/136 117/175/140 122/176/141
f 123/171/136 122/176/141 128/172/137
f 128/172/137 122/176/141 127/177/142
f 128/172/137 127/177/142 133/155/124
f 133/155/124 127/177/142 132/157/125
f 98/173/138 99/178/143 112/174/139
f 112/174/139 99/178/143 111/179/144
f 112/174/139 111/179/144 117/175/140
f 117/175/140 111/179/144 116/180/145
f 117/175/140 116/180/145 122/176/141
f 122/176/141 116/180/145 121/181/146
f 122/176/141 121/181/146 127/177/142
f 127/177/142 121/181/146 126/182/147
f 127/177/142 126/182/147 132/157/125
f 132/157/125 126/182/147 131/159/126
f 99/178/143 100/183/148 111/179/144
f 111/179/144 100/183/148 101/184/149
f 111/179/144 101/184/149 116/180/145
f 116/180/145 101/184/149 102/185/150
f 116/180/145 102/185/150 121/181/146
f 121/181/146 102/185/150 103/186/151
f 121/181/146 103/186/151 126/182/147
f 126/182/147 103/186/151 104/187/152
f 126/182/147 104/187/152 131/159/126
f 131/159/126 104/187/152 105/161/127
f 94/188/111 136/189/153 95/190/112
f 95/190/112 136/189/153 137/191/154
f 95/190/112 137/191/154 96/192/128
f 96/192/128 137/191/154 138/193/155
f 96/192/128 138/193/155 97/194/133
f 97/194/133 138/193/155 139/195/156
f 97/194/133 139/195/156 98/196/138
f 98/196/138 139/195/156 140/197/157
f 98/196/138 140/197/157 99/198/143
f 99/198/143 140/197/157 141/199/158
f 99/198/143 141/199/158 100/200/148
f 100/200/148 141/199/158 142/201/159
f 141/202/160 136/203/161 142/204/162
f 142/204/162 136/203/161 86/205/163
f 142/204/162 86/205/163 85/206/164
f 141/202/160 140/207/165 136/203/161
f 136/203/161 140/207/165 139/208/166
f 136/203/161 139/208/166 138/209/167
f 138/209/167 137/210/168 136/203/161
f 136/203/161 143/211/169 86/205/163
f 136/212/153 94/213/111 143/214/170
f 143/214/170 94/213/111 144/215/171
f 143/214/170 144/215/171 145/216/172
f 143/214/170 145/216/172 158/217/173
f 158/217/173 145/216/172 146/218/174
f 158/217/173 146/218/174 147/219/175
f 147/219/175 148/220/176 158/217/173
f 158/217/173 148/220/176 149/221/177
f 158/217/173 149/221/177 150/222/178
f 150/222/178 151/223/179 158/217/173
f 158/217/173 151/223/179 152/224/180
f 158/217/173 152/224/180 157/225/181
f 157/225/181 152/224/180 153/226/182
f 157/225/181 153/226/182 154/227/183
f 155/228/184 156/229/185 154/227/183
f 154/227/183 156/229/185 157/225/181
f 144/230/171 94/231/111 164/232/186
f 164/232/186 94/231/111 110/233/113
f 164/232/186 110/233/113 163/234/187
f 163/234/187 110/233/113 109/235/115
f 163/234/187 109/235/115 162/236/188
f 162/236/188 109/235/115 108/237/117
f 162/236/188 108/237/117 161/238/189
f 161/238/189 108/237/117 107/239/119
f 161/238/189 107/239/119 160/240/190
f 160/240/190 107/239/119 106/241/121
f 160/240/190 106/241/121 159/242/191
f 159/242/191 106/241/121 87/243/96
f 57/244/95 73/245/192 87/246/96
f 87/246/96 73/245/192 159/247/191
f 159/247/191 73/245/192 72/248/193
f 165/249/194 180/250/195 69/251/196
f 69/251/196 180/250/195 159/252/191
f 69/251/196 159/252/191 70/253/197
f 70/253/197 159/252/191 71/254/198
f 71/254/198 159/252/191 72/255/193
f 165/249/194 166/256/199 180/250/195
f 180/250/195 166/256/199 179/257/200
f 179/257/200 166/256/199 167/258/201
f 179/257/200 167/258/201 168/259/202
f 179/257/200 168/259/202 178/260/203
f 178/260/203 168/259/202 169/261/204
f 178/260/203 169/261/204 170/262/205
f 178/260/203 170/262/205 177/263/206
f 177/263/206 170/262/205 171/264/207
f 177/263/206 171/264/207 176/265/208
f 176/265/208 171/264/207 172/266/209
f 176/265/208 172/266/209 173/267/210
f 174/268/211 175/269/212 173/267/210
f 173/267/210 175/269/212 176/265/208
f 203/270/213 181/271/214 212/272/215
f 212/272/215 181/271/214 182/273/216
f 212/272/215 182/273/216 211/274/217
f 211/274/217 182/273/216 183/275/218
f 211/274/217 183/275/218 210/276/219
f 210/276/219 183/275/218 184/277/220
f 210/276/219 184/277/220 209/278/221
f 209/278/221 184/277/220 208/279/222
f 209/278/221 208/279/222 217/280/223
f 217/280/223 208/279/222 216/281/224
f 217/280/223 216/281/224 226/282/225
f 226/282/225 216/281/224 225/283/226
f 226/282/225 225/283/226 235/284/227
f 235/284/227 225/283/226 234/285/228
f 235/284/227 234/285/228 243/286/229
f 243/286/229 234/285/228 242/287/230
f 243/286/229 242/287/230 258/288/231
f 258/288/231 242/287/230 259/289/232
f 258/288/231 259/289/232 251/290/233
f 251/290/233 259/289/232 250/291/234
f 251/290/233 250/291/234 275/292/235
f 275/292/235 250/291/234 276/293/236
f 275/292/235 276/293/236 269/294/237
f 269/294/237 276/293/236 268/295/238
f 269/294/237 268/295/238 191/296/239
f 191/296/239 268/295/238 267/297/240
f 191/296/239 267/297/240 190/298/241
f 190/298/241 267/297/240 266/299/242
f 190/298/241 266/299/242 265/300/243
f 265/300/243 266/299/242 279/301/244
f 265/300/243 279/301/244 280/302/245
f 280/302/245 279/301/244 206/303/246
f 280/302/245 206/303/246 154/304/247
f 154/304/247 206/303/246 155/305/248
f 155/305/248 206/303/246 263/306/249
f 155/305/248 263/306/249 204/307/250
f 204/307/250 263/306/249 262/308/251
f 204/307/250 262/308/251 239/309/252
f 239/309/252 262/308/251 261/310/253
f 239/309/252 261/310/253 240/311/254
f 240/311/254 261/310/253 260/312/255
f 240/311/254 260/312/255 241/313/256
f 241/313/256 260/312/255 259/289/232
f 241/313/256 259/289/232 242/287/230
f 184/277/220 185/314/257 208/279/222
f 208/279/222 185/314/257 207/315/258
f 208/279/222 207/315/258 216/281/224
f 216/281/224 207/315/258 215/316/259
f 216/281/224 215/316/259 225/283/226
f 225/283/226 215/316/259 224/317/260
f 225/283/226 224/317/260 234/285/228
f 234/285/228 224/317/260 233/318/261
f 234/285/228 233/318/261 242/287/230
f 242/287/230 233/318/261 241/313/256
f 185/314/257 186/319/262 207/315/258
f 207/315/258 186/319/262 215/316/259
f 215/316/259 186/319/262 214/320/263
f 214/320/263 186/319/262 187/321/264
f 214/320/263 187/321/264 213/322/265
f 213/322/265 187/321/264 222/323/266
f 213/322/265 222/323/266 223/324/267
f 223/324/267 222/323/266 232/325/268
f 223/324/267 232/325/268 233/318/261
f 233/318/261 232/325/268 241/313/256
f 222/323/266 187/321/264 221/326/269
f 221/326/269 187/321/264 188/327/270
f 221/326/269 188/327/270 157/328/271
f 221/326/269 157/328/271 230/329/272
f 230/329/272 157/328/271 156/330/273
f 230/329/272 156/330/273 204/307/250
f 204/307/250 156/330/273 155/305/248
f 280/302/245 154/304/247 264/331/274
f 264/331/274 154/304/247 153/332/275
f 264/331/274 153/332/275 189/333/276
f 189/333/276 153/332/275 152/334/180
f 264/331/274 189/333/276 265/300/243
f 265/300/243 189/333/276 190/298/241
f 191/296/239 192/335/277 269/294/237
f 269/294/237 192/335/277 270/336/278
f 269/294/237 270/336/278 275/292/235
f 275/292/235 270/336/278 274/337/279
f 275/292/235 274/337/279 251/290/233
f 251/290/233 274/337/279 252/338/280
f 251/290/233 252/338/280 258/288/231
f 258/288/231 252/338/280 257/339/281
f 258/288/231 257/339/281 243/286/229
f 243/286/229 257/339/281 244/340/282
f 243/286/229 244/340/282 235/284/227
f 235/284/227 244/340/282 236/341/283
f 235/284/227 236/341/283 226/282/225
f 226/282/225 236/341/283 227/342/284
f 226/282/225 227/342/284 217/280/223
f 217/280/223 227/342/284 218/343/285
f 217/280/223 218/343/285 209/278/221
f 209/278/221 218/343/285 210/276/219
f 192/335/277 193/344/286 270/336/278
f 270/336/278 193/344/286 271/345/287
f 270/336/278 271/345/287 274/337/279
f 274/337/279 271/345/287 273/346/288
f 274/337/279 273/346/288 252/338/280
f 252/338/280 273/346/288 253/347/289
f 252/338/280 253/347/289 257/339/281
f 257/339/281 253/347/289 256/348/290
f 257/339/281 256/348/290 244/340/282
f 244/340/282 256/348/290 245/349/291
f 244/340/282 245/349/291 236/341/283
f 236/341/283 245/349/291 237/350/292
f 236/341/283 237/350/292 227/342/284
f 227/342/284 237/350/292 228/351/293
f 227/342/284 228/351/293 218/343/285
f 218/343/285 228/351/293 219/352/294
f 218/343/285 219/352/294 210/276/219
f 210/276/219 219/352/294 211/274/217
f 194/353/295 195/354/296 193/344/286
f 193/344/286 195/354/296 272/355/297
f 193/344/286 272/355/297 271/345/287
f 271/345/287 272/355/297 273/346/288
f 195/354/296 196/356/298 272/355/297
f 272/355/297 196/356/298 205/357/299
f 272/355/297 205/357/299 273/346/288
f 273/346/288 205/357/299 253/347/289
f 196/356/298 197/358/300 205/357/299
f 205/357/299 197/358/300 198/359/301
f 205/357/299 198/359/301 254/360/302
f 254/360/302 198/359/301 255/361/303
f 254/360/302 255/361/303 256/348/290
f 256/348/290 255/361/303 245/349/291
f 198/359/301 199/362/304 255/361/303
f 255/361/303 199/362/304 246/363/305
f 255/361/303 246/363/305 245/349/291
f 245/349/291 246/363/305 237/350/292
f 199/362/304 200/364/306 246/363/305
f 246/363/305 200/364/306 238/365/307
f 246/363/305 238/365/307 237/350/292
f 237/350/292 238/365/307 228/351/293
f 200/364/306 201/366/308 238/365/307
f 238/365/307 201/366/308 229/367/309
f 238/365/307 229/367/309 228/351/293
f 228/351/293 229/367/309 219/352/294
f 201/366/308 202/368/310 229/367/309
f 229/367/309 202/368/310 220/369/311
f 229/367/309 220/369/311 219/352/294
f 219/352/294 220/369/311 211/274/217
f 202/368/310 203/270/213 220/369/311
f 220/369/311 203/270/213 212/272/215
f 220/369/311 212/272/215 211/274/217
f 253/347/289 205/357/299 254/360/302
f 224/317/260 215/316/259 214/320/263
f 224/317/260 214/320/263 223/324/267
f 223/324/267 214/320/263 213/322/265
f 222/323/266 221/326/269 231/370/312
f 231/370/312 221/326/269 230/329/272
f 231/370/312 230/329/272 239/309/252
f 239/309/252 230/329/272 204/307/250
f 233/318/261 224/317/260 223/324/267
f 222/323/266 231/370/312 232/325/268
f 232/325/268 231/370/312 240/311/254
f 232/325/268 240/311/254 241/313/256
f 240/311/254 231/370/312 239/309/252
f 262/308/251 263/306/249 247/371/313
f 247/371/313 263/306/249 206/303/246
f 247/371/313 206/303/246 279/301/244
f 261/310/253 262/308/251 248/372/314
f 248/372/314 262/308/251 247/371/313
f 248/372/314 247/371/313 278/373/315
f 278/373/315 247/371/313 279/301/244
f 278/373/315 279/301/244 266/299/242
f 260/312/255 261/310/253 249/374/316
f 249/374/316 261/310/253 248/372/314
f 249/374/316 248/372/314 277/375/317
f 277/375/317 248/372/314 278/373/315
f 277/375/317 278/373/315 267/297/240
f 267/297/240 278/373/315 266/299/242
f 259/289/232 260/312/255 250/291/234
f 250/291/234 260/312/255 249/374/316
f 250/291/234 249/374/316 276/293/236
f 276/293/236 249/374/316 277/375/317
f 276/293/236 277/375/317 268/295/238
f 268/295/238 277/375/317 267/297/240
f 253/347/289 254/360/302 256/348/290
f 264/331/274 265/300/243 280/302/245
f 152/376/180 151/377/179 189/378/318
f 189/378/318 151/377/179 281/379/319
f 189/378/318 281/379/319 190/380/320
f 190/380/320 281/379/319 282/381/321
f 190/380/320 282/381/321 191/382/239
f 191/382/239 282/381/321 283/383/322
f 191/382/239 283/383/322 192/384/323
f 192/384/323 283/383/322 284/385/324
f 192/384/323 284/385/324 193/386/325
f 193/386/325 284/385/324 285/387/326
f 193/386/325 285/387/326 194/388/295
f 194/388/295 285/387/326 286/389/327
f 146/390/174 145/391/172 304/392/328
f 304/392/328 145/391/172 287/393/329
f 304/392/328 287/393/329 288/394/330
f 304/392/328 288/394/330 303/395/331
f 303/395/331 288/394/330 289/396/332
f 303/395/331 289/396/332 302/397/333
f 302/397/333 289/396/332 290/398/334
f 302/397/333 290/398/334 301/399/335
f 301/399/335 290/398/334 291/400/336
f 301/399/335 291/400/336 300/401/337
f 300/401/337 291/400/336 292/402/338
f 300/401/337 292/402/338 293/403/339
f 300/401/337 293/403/339 305/404/340
f 305/404/340 293/403/339 294/405/341
f 305/404/340 294/405/341 310/406/342
f 310/406/342 294/405/341 295/407/343
f 310/406/342 295/407/343 315/408/344
f 315/408/344 295/407/343 296/409/345
f 315/408/344 296/409/345 320/410/346
f 320/410/346 296/409/345 297/411/347
f 320/410/346 297/411/347 325/412/348
f 325/412/348 297/411/347 298/413/349
f 325/412/348 298/413/349 330/414/350
f 330/414/350 298/413/349 299/415/351
f 330/414/350 299/415/351 285/416/326
f 285/416/326 299/415/351 286/417/327
f 285/416/326 284/418/324 330/414/350
f 330/414/350 284/418/324 331/419/352
f 330/414/350 331/419/352 325/412/348
f 325/412/348 331/419/352 326/420/353
f 325/412/348 326/420/353 320/410/346
f 320/410/346 326/420/353 321/421/354
f 320/410/346 321/421/354 315/408/344
f 315/408/344 321/421/354 316/422/355
f 315/408/344 316/422/355 310/406/342
f 310/406/342 316/422/355 311/423/356
f 310/406/342 311/423/356 305/404/340
f 305/404/340 311/423/356 306/424/357
f 305/404/340 306/424/357 300/401/337
f 300/401/337 306/424/357 301/399/335
f 284/418/324 283/425/322 331/419/352
f 331/419/352 283/425/322 332/426/358
f 331/419/352 332/426/358 326/420/353
f 326/420/353 332/426/358 327/427/359
f 326/420/353 327/427/359 321/421/354
f 321/421/354 327/427/359 322/428/360
f 321/421/354 322/428/360 316/422/355
f 316/422/355 322/428/360 317/429/361
f 316/422/355 317/429/361 311/423/356
f 311/423/356 317/429/361 312/430/362
f 311/423/356 312/430/362 306/424/357
f 306/424/357 312/430/362 307/431/363
f 306/424/357 307/431/363 301/399/335
f 301/399/335 307/431/363 302/397/333
f 283/425/322 282/432/321 332/426/358
f 332/426/358 282/432/321 333/433/364
f 332/426/358 333/433/364 327/427/359
f 327/427/359 333/433/364 328/434/365
f 327/427/359 328/434/365 322/428/360
f 322/428/360 328/434/365 323/435/366
f 322/428/360 323/435/366 317/429/361
f 317/429/361 323/435/366 318/436/367
f 317/429/361 318/436/367 312/430/362
f 312/430/362 318/436/367 313/437/368
f 312/430/362 313/437/368 307/431/363
f 307/431/363 313/437/368 308/438/369
f 307/431/363 308/438/369 302/397/333
f 302/397/333 308/438/369 303/395/331
f 282/432/321 281/439/319 333/433/364
f 333/433/364 281/439/319 334/440/370
f 333/433/364 334/440/370 328/434/365
f 328/434/365 334/440/370 329/441/371
f 328/434/365 329/441/371 323/435/366
f 323/435/366 329/441/371 324/442/372
f 323/435/366 324/442/372 318/436/367
f 318/436/367 324/442/372 319/443/373
f 318/436/367 319/443/373 313/437/368
f 313/437/368 319/443/373 314/444/374
f 313/437/368 314/444/374 308/438/369
f 308/438/369 314/444/374 309/445/375
f 308/438/369 309/445/375 303/395/331
f 303/395/331 309/445/375 304/392/328
f 281/439/319 151/446/179 334/440/370
f 334/440/370 151/446/179 150/447/178
f 334/440/370 150/447/178 329/441/371
f 329/441/371 150/447/178 149/448/177
f 329/441/371 149/448/177 324/442/372
f 324/442/372 149/448/177 148/449/176
f 324/442/372 148/449/176 319/443/373
f 319/443/373 148/449/176 314/444/374
f 148/449/176 147/450/175 314/444/374
f 314/444/374 147/450/175 309/445/375
f 147/450/175 146/390/174 309/445/375
f 309/445/375 146/390/174 304/392/328
f 145/451/172 144/452/171 287/453/329
f 287/453/329 144/452/171 335/454/376
f 287/453/329 335/454/376 288/455/330
f 288/455/330 335/454/376 336/456/377
f 288/455/330 336/456/377 289/457/332
f 289/457/332 336/456/377 337/458/378
f 289/457/332 337/458/378 290/459/334
f 290/459/334 337/458/378 338/460/379
f 290/459/334 338/460/379 291/461/336
f 291/461/336 338/460/379 339/462/380
f 291/461/336 339/462/380 292/463/338
f 292/463/338 339/462/380 175/464/212
f 176/465/208 175/466/212 341/467/381
f 341/467/381 175/466/212 339/468/380
f 341/467/381 339/468/380 340/469/382
f 340/469/382 339/468/380 338/470/379
f 340/469/382 338/470/379 344/471/383
f 344/471/383 338/470/379 343/472/384
f 344/471/383 343/472/384 349/473/385
f 349/473/385 343/472/384 348/474/386
f 349/473/385 348/474/386 354/475/387
f 354/475/387 348/474/386 353/476/388
f 354/475/387 353/476/388 358/477/389
f 358/477/389 353/476/388 357/478/390
f 358/477/389 357/478/390 161/479/189
f 161/479/189 357/478/390 162/480/188
f 162/480/188 357/478/390 356/481/391
f 162/480/188 356/481/391 163/482/187
f 163/482/187 356/481/391 352/483/392
f 163/482/187 352/483/392 351/484/393
f 351/484/393 352/483/392 346/485/394
f 351/484/393 346/485/394 144/486/171
f 144/486/171 346/485/394 335/487/376
f 335/487/376 346/485/394 336/488/377
f 336/488/377 346/485/394 347/489/395
f 336/488/377 347/489/395 342/490/396
f 342/490/396 347/489/395 348/474/386
f 342/490/396 348/474/386 343/472/384
f 338/470/379 337/491/378 343/472/384
f 343/472/384 337/491/378 342/490/396
f 337/491/378 336/488/377 342/490/396
f 144/486/171 164/492/186 351/484/393
f 351/484/393 164/492/186 163/482/187
f 358/477/389 161/479/189 360/493/397
f 360/493/397 161/479/189 160/494/190
f 360/493/397 160/494/190 361/495/398
f 361/495/398 160/494/190 159/496/191
f 361/495/398 159/496/191 180/497/195
f 361/495/398 180/497/195 359/498/399
f 359/498/399 180/497/195 179/499/200
f 359/498/399 179/499/200 355/500/400
f 355/500/400 179/499/200 178/501/203
f 355/500/400 178/501/203 350/502/401
f 350/502/401 178/501/203 177/503/206
f 350/502/401 177/503/206 345/504/402
f 345/504/402 177/503/206 176/465/208
f 345/504/402 176/465/208 341/467/381
f 345/504/402 341/467/381 340/469/382
f 350/502/401 345/504/402 344/471/383
f 344/471/383 345/504/402 340/469/382
f 350/502/401 344/471/383 349/473/385
f 353/476/388 348/474/386 347/489/395
f 353/476/388 347/489/395 352/483/392
f 352/483/392 347/489/395 346/485/394
f 355/500/400 350/502/401 349/473/385
f 355/500/400 349/473/385 354/475/387
f 357/478/390 353/476/388 352/483/392
f 356/481/391 357/478/390 352/483/392
f 359/498/399 355/500/400 354/475/387
f 359/498/399 354/475/387 358/477/389
f 361/495/398 359/498/399 358/477/389
f 360/493/397 361/495/398 358/477/389
f 188/505/403 181/506/404 157/507/405
f 157/507/405 181/506/404 362/508/406
f 157/507/405 362/508/406 363/509/407
f 188/505/403 187/510/408 181/506/404
f 181/506/404 187/510/408 186/511/409
f 181/506/404 186/511/409 185/512/410
f 185/512/410 184/513/411 181/506/404
f 181/506/404 184/513/411 183/514/412
f 181/506/404 183/514/412 182/515/413
f 363/509/407 158/516/414 157/507/405
f 203/517/415 392/518/416 181/519/417
f 181/519/417 392/518/416 381/520/418
f 181/519/417 381/520/418 416/521/419
f 416/521/419 381/520/418 407/522/420
f 416/521/419 407/522/420 415/523/421
f 415/523/421 407/522/420 406/524/422
f 415/523/421 406/524/422 414/525/423
f 414/525/423 406/524/422 405/526/424
f 414/525/423 405/526/424 413/527/425
f 413/527/425 405/526/424 404/528/426
f 413/527/425 404/528/426 412/529/427
f 412/529/427 404/528/426 403/530/428
f 412/529/427 403/530/428 411/531/429
f 411/531/429 403/530/428 402/532/430
f 411/531/429 402/532/430 410/533/431
f 410/533/431 402/532/430 401/534/432
f 410/533/431 401/534/432 409/535/433
f 409/535/433 401/534/432 194/536/295
f 409/535/433 194/536/295 417/537/434
f 417/537/434 194/536/295 383/538/435
f 417/537/434 383/538/435 425/539/436
f 425/539/436 383/538/435 433/540/437
f 425/539/436 433/540/437 434/541/438
f 434/541/438 433/540/437 441/542/439
f 434/541/438 441/542/439 442/543/440
f 442/543/440 441/542/439 448/544/441
f 442/543/440 448/544/441 449/545/442
f 449/545/442 448/544/441 396/546/443
f 449/545/442 396/546/443 395/547/444
f 395/547/444 396/546/443 370/548/445
f 395/547/444 370/548/445 371/549/446
f 392/518/416 203/517/415 391/550/447
f 391/550/447 203/517/415 202/551/448
f 391/550/447 202/551/448 390/552/449
f 390/552/449 202/551/448 201/553/450
f 390/552/449 201/553/450 389/554/451
f 389/554/451 201/553/450 200/555/452
f 389/554/451 200/555/452 199/556/453
f 389/554/451 199/556/453 388/557/454
f 388/557/454 199/556/453 198/558/455
f 388/557/454 198/558/455 387/559/456
f 387/559/456 198/558/455 197/560/457
f 387/559/456 197/560/457 386/561/458
f 386/561/458 197/560/457 196/562/459
f 386/561/458 196/562/459 385/563/460
f 385/563/460 196/562/459 195/564/461
f 385/563/460 195/564/461 194/536/295
f 364/565/462 439/566/463 194/536/295
f 194/536/295 439/566/463 432/567/464
f 194/536/295 432/567/464 383/538/435
f 383/538/435 432/567/464 433/540/437
f 365/568/465 400/569/466 364/565/462
f 364/565/462 400/569/466 384/570/467
f 364/565/462 384/570/467 439/566/463
f 439/566/463 384/570/467 446/571/468
f 439/566/463 446/571/468 440/572/469
f 440/572/469 446/571/468 447/573/470
f 440/572/469 447/573/470 441/542/439
f 441/542/439 447/573/470 448/544/441
f 400/569/466 365/568/465 399/574/471
f 399/574/471 365/568/465 366/575/472
f 399/574/471 366/575/472 398/576/473
f 398/576/473 366/575/472 367/577/474
f 398/576/473 367/577/474 368/578/475
f 398/576/473 368/578/475 397/579/476
f 397/579/476 368/578/475 369/580/477
f 397/579/476 369/580/477 396/546/443
f 396/546/443 369/580/477 370/548/445
f 395/547/444 371/549/446 394/581/478
f 394/581/478 371/549/446 372/582/479
f 394/581/478 372/582/479 362/583/480
f 362/583/480 372/582/479 373/584/481
f 362/583/480 373/584/481 380/585/482
f 380/585/482 373/584/481 374/586/483
f 380/585/482 374/586/483 379/587/484
f 379/587/484 374/586/483 375/588/485
f 379/587/484 375/588/485 378/589/486
f 378/589/486 375/588/485 376/590/487
f 378/589/486 376/590/487 377/591/488
f 181/519/417 424/592/489 362/583/480
f 362/583/480 424/592/489 452/593/490
f 362/583/480 452/593/490 393/594/491
f 393/594/491 452/593/490 451/595/492
f 393/594/491 451/595/492 394/581/478
f 394/581/478 451/595/492 450/596/493
f 394/581/478 450/596/493 395/547/444
f 395/547/444 450/596/493 449/545/442
f 181/519/417 408/597/494 431/598/495
f 431/598/495 408/597/494 423/599/496
f 431/598/495 423/599/496 430/600/497
f 430/600/497 423/599/496 422/601/498
f 430/600/497 422/601/498 429/602/499
f 429/602/499 422/601/498 421/603/500
f 429/602/499 421/603/500 428/604/501
f 428/604/501 421/603/500 420/605/502
f 428/604/501 420/605/502 427/606/503
f 427/606/503 420/605/502 419/607/504
f 427/606/503 419/607/504 426/608/505
f 426/608/505 419/607/504 418/609/506
f 426/608/505 418/609/506 425/539/436
f 425/539/436 418/609/506 417/537/434
f 181/519/417 431/598/495 382/610/507
f 382/610/507 431/598/495 430/600/497
f 382/610/507 430/600/497 438/611/508
f 438/611/508 430/600/497 429/602/499
f 438/611/508 429/602/499 437/612/509
f 437/612/509 429/602/499 428/604/501
f 437/612/509 428/604/501 436/613/510
f 436/613/510 428/604/501 427/606/503
f 436/613/510 427/606/503 435/614/511
f 435/614/511 427/606/503 426/608/505
f 435/614/511 426/608/505 434/541/438
f 434/541/438 426/608/505 425/539/436
f 385/563/460 194/536/295 401/534/432
f 401/534/432 402/532/430 385/563/460
f 385/563/460 402/532/430 386/561/458
f 402/532/430 403/530/428 386/561/458
f 386/561/458 403/530/428 387/559/456
f 403/530/428 404/528/426 387/559/456
f 387/559/456 404/528/426 388/557/454
f 404/528/426 405/526/424 388/557/454
f 388/557/454 405/526/424 389/554/451
f 405/526/424 406/524/422 389/554/451
f 389/554/451 406/524/422 390/552/449
f 381/520/418 392/518/416 391/550/447
f 406/524/422 407/522/420 390/552/449
f 390/552/449 407/522/420 391/550/447
f 408/597/494 181/519/417 416/521/419
f 407/522/420 381/520/418 391/550/447
f 393/594/491 394/581/478 362/583/480
f 396/546/443 448/544/441 397/579/476
f 397/579/476 448/544/441 447/573/470
f 397/579/476 447/573/470 398/576/473
f 398/576/473 447/573/470 446/571/468
f 398/576/473 446/571/468 399/574/471
f 399/574/471 446/571/468 384/570/467
f 399/574/471 384/570/467 400/569/466
f 417/537/434 418/609/506 409/535/433
f 409/535/433 418/609/506 410/533/431
f 418/609/506 419/607/504 410/533/431
f 410/533/431 419/607/504 411/531/429
f 419/607/504 420/605/502 411/531/429
f 411/531/429 420/605/502 412/529/427
f 420/605/502 421/603/500 412/529/427
f 412/529/427 421/603/500 413/527/425
f 421/603/500 422/601/498 413/527/425
f 413/527/425 422/601/498 414/525/423
f 408/597/494 416/521/419 415/523/421
f 422/601/498 423/599/496 414/525/423
f 414/525/423 423/599/496 415/523/421
f 181/519/417 382/610/507 424/592/489
f 424/592/489 382/610/507 438/611/508
f 424/592/489 438/611/508 445/615/512
f 445/615/512 438/611/508 437/612/509
f 445/615/512 437/612/509 444/616/513
f 444/616/513 437/612/509 436/613/510
f 444/616/513 436/613/510 443/617/514
f 443/617/514 436/613/510 435/614/511
f 443/617/514 435/614/511 442/543/440
f 442/543/440 435/614/511 434/541/438
f 423/599/496 408/597/494 415/523/421
f 439/566/463 440/572/469 432/567/464
f 432/567/464 440/572/469 433/540/437
f 440/572/469 441/542/439 433/540/437
f 442/543/440 449/545/442 443/617/514
f 443/617/514 449/545/442 450/596/493
f 443/617/514 450/596/493 444/616/513
f 444/616/513 450/596/493 451/595/492
f 444/616/513 451/595/492 445/615/512
f 445/615/512 451/595/492 452/593/490
f 445/615/512 452/593/490 424/592/489
f 68/618/70 67/619/68 165/620/515
f 165/620/515 67/619/68 453/621/516
f 165/620/515 453/621/516 166/622/517
f 166/622/517 453/621/516 167/623/518
f 167/623/518 453/621/516 454/624/519
f 167/623/518 454/624/519 168/625/520
f 168/625/520 454/624/519 169/626/521
f 169/626/521 454/624/519 455/627/522
f 169/626/521 455/627/522 170/628/523
f 170/628/523 455/627/522 456/629/524
f 170/628/523 456/629/524 171/630/525
f 171/630/525 456/629/524 172/631/526
f 172/631/526 456/629/524 457/632/527
f 172/631/526 457/632/527 173/633/528
f 173/633/528 457/632/527 458/634/529
f 173/633/528 458/634/529 174/635/211
f 165/620/515 69/636/73 68/618/70
f 74/637/79 459/638/530 75/639/78
f 75/639/78 459/638/530 474/640/531
f 75/639/78 474/640/531 76/641/77
f 76/641/77 474/640/531 479/642/532
f 76/641/77 479/642/532 77/643/76
f 77/643/76 479/642/532 484/644/533
f 77/643/76 484/644/533 78/645/75
f 78/645/75 484/644/533 489/646/534
f 78/645/75 489/646/534 79/647/74
f 79/647/74 489/646/534 494/648/535
f 79/647/74 494/648/535 67/649/68
f 67/649/68 494/648/535 453/650/516
f 453/650/516 494/648/535 493/651/536
f 453/650/516 493/651/536 454/652/519
f 454/652/519 493/651/536 492/653/537
f 454/652/519 492/653/537 455/654/522
f 455/654/522 492/653/537 491/655/538
f 455/654/522 491/655/538 456/656/524
f 456/656/524 491/655/538 490/657/539
f 456/656/524 490/657/539 457/658/527
f 457/658/527 490/657/539 469/659/540
f 457/658/527 469/659/540 458/660/529
f 459/638/530 460/661/541 474/640/531
f 474/640/531 460/661/541 473/662/542
f 474/640/531 473/662/542 479/642/532
f 479/642/532 473/662/542 478/663/543
f 479/642/532 478/663/543 484/644/533
f 484/644/533 478/663/543 483/664/544
f 484/644/533 483/664/544 489/646/534
f 489/646/534 483/664/544 488/665/545
f 489/646/534 488/665/545 494/648/535
f 494/648/535 488/665/545 493/651/536
f 460/661/541 461/666/546 473/662/542
f 473/662/542 461/666/546 472/667/547
f 473/662/542 472/667/547 478/663/543
f 478/663/543 472/667/547 477/668/548
f 478/663/543 477/668/548 483/664/544
f 483/664/544 477/668/548 482/669/549
f 483/664/544 482/669/549 488/665/545
f 488/665/545 482/669/549 487/670/550
f 488/665/545 487/670/550 493/651/536
f 493/651/536 487/670/550 492/653/537
f 461/666/546 462/671/551 472/667/547
f 472/667/547 462/671/551 471/672/552
f 472/667/547 471/672/552 477/668/548
f 477/668/548 471/672/552 476/673/553
f 477/668/548 476/673/553 482/669/549
f 482/669/549 476/673/553 481/674/554
f 482/669/549 481/674/554 487/670/550
f 487/670/550 481/674/554 486/675/555
f 487/670/550 486/675/555 492/653/537
f 492/653/537 486/675/555 491/655/538
f 462/671/551 463/676/556 471/672/552
f 471/672/552 463/676/556 470/677/557
f 471/672/552 470/677/557 476/673/553
f 476/673/553 470/677/557 475/678/558
f 476/673/553 475/678/558 481/674/554
f 481/674/554 475/678/558 480/679/559
f 481/674/554 480/679/559 486/675/555
f 486/675/555 480/679/559 485/680/560
f 486/675/555 485/680/560 491/655/538
f 491/655/538 485/680/560 490/657/539
f 463/676/556 464/681/561 470/677/557
f 470/677/557 464/681/561 465/682/562
f 470/677/557 465/682/562 475/678/558
f 475/678/558 465/682/562 466/683/563
f 475/678/558 466/683/563 480/679/559
f 480/679/559 466/683/563 467/684/564
f 480/679/559 467/684/564 485/680/560
f 485/680/560 467/684/564 468/685/565
f 485/680/560 468/685/565 490/657/539
f 490/657/539 468/685/565 469/659/540
f 74/686/79 84/687/82 459/688/530
f 459/688/530 84/687/82 495/689/566
f 459/688/530 495/689/566 460/690/541
f 460/690/541 495/689/566 496/691/567
f 460/690/541 496/691/567 461/692/546
f 461/692/546 496/691/567 497/693/568
f 461/692/546 497/693/568 462/694/551
f 462/694/551 497/693/568 498/695/569
f 462/694/551 498/695/569 463/696/556
f 463/696/556 498/695/569 499/697/570
f 463/696/556 499/697/570 464/698/561
f 464/698/561 499/697/570 500/699/571
f 501/700/572 502/701/573 517/702/574
f 517/702/574 502/701/573 522/703/575
f 517/702/574 522/703/575 516/704/576
f 516/704/576 522/703/575 527/705/577
f 516/704/576 527/705/577 515/706/578
f 515/706/578 527/705/577 532/707/579
f 515/706/578 532/707/579 514/708/580
f 514/708/580 532/707/579 537/709/581
f 514/708/580 537/709/581 513/710/582
f 513/710/582 537/709/581 542/711/583
f 513/710/582 542/711/583 84/712/82
f 84/712/82 542/711/583 495/713/566
f 495/713/566 542/711/583 541/714/584
f 495/713/566 541/714/584 496/715/567
f 496/715/567 541/714/584 540/716/585
f 496/715/567 540/716/585 497/717/568
f 497/717/568 540/716/585 539/718/586
f 497/717/568 539/718/586 498/719/569
f 498/719/569 539/718/586 538/720/587
f 498/719/569 538/720/587 499/721/570
f 499/721/570 538/720/587 512/722/588
f 499/721/570 512/722/588 500/723/571
f 502/701/573 503/724/589 522/703/575
f 522/703/575 503/724/589 521/725/590
f 522/703/575 521/725/590 527/705/577
f 527/705/577 521/725/590 526/726/591
f 527/705/577 526/726/591 532/707/579
f 532/707/579 526/726/591 531/727/592
f 532/707/579 531/727/592 537/709/581
f 537/709/581 531/727/592 536/728/593
f 537/709/581 536/728/593 542/711/583
f 542/711/583 536/728/593 541/714/584
f 503/724/589 504/729/594 521/725/590
f 521/725/590 504/729/594 520/730/595
f 521/725/590 520/730/595 526/726/591
f 526/726/591 520/730/595 525/731/596
f 526/726/591 525/731/596 531/727/592
f 531/727/592 525/731/596 530/732/597
f 531/727/592 530/732/597 536/728/593
f 536/728/593 530/732/597 535/733/598
f 536/728/593 535/733/598 541/714/584
f 541/714/584 535/733/598 540/716/585
f 504/729/594 505/734/599 520/730/595
f 520/730/595 505/734/599 519/735/600
f 520/730/595 519/735/600 525/731/596
f 525/731/596 519/735/600 524/736/601
f 525/731/596 524/736/601 530/732/597
f 530/732/597 524/736/601 529/737/602
f 530/732/597 529/737/602 535/733/598
f 535/733/598 529/737/602 534/738/603
f 535/733/598 534/738/603 540/716/585
f 540/716/585 534/738/603 539/718/586
f 505/734/599 506/739/604 519/735/600
f 519/735/600 506/739/604 518/740/605
f 519/735/600 518/740/605 524/736/601
f 524/736/601 518/740/605 523/741/606
f 524/736/601 523/741/606 529/737/602
f 529/737/602 523/741/606 528/742/607
f 529/737/602 528/742/607 534/738/603
f 534/738/603 528/742/607 533/743/608
f 534/738/603 533/743/608 539/718/586
f 539/718/586 533/743/608 538/720/587
f 506/739/604 507/744/609 518/740/605
f 518/740/605 507/744/609 508/745/610
f 518/740/605 508/745/610 523/741/606
f 523/741/606 508/745/610 509/746/611
f 523/741/606 509/746/611 528/742/607
f 528/742/607 509/746/611 510/747/612
f 528/742/607 510/747/612 533/743/608
f 533/743/608 510/747/612 511/748/613
f 533/743/608 511/748/613 538/720/587
f 538/720/587 511/748/613 512/722/588
f 501/749/572 543/750/614 502/751/573
f 502/751/573 543/750/614 544/752/615
f 502/751/573 544/752/615 503/753/589
f 503/753/589 544/752/615 545/754/616
f 503/753/589 545/754/616 504/755/594
f 504/755/594 545/754/616 546/756/617
f 504/755/594 546/756/617 505/757/599
f 505/757/599 546/756/617 547/758/618
f 505/757/599 547/758/618 506/759/604
f 506/759/604 547/758/618 548/760/619
f 506/759/604 548/760/619 507/761/609
f 507/761/609 548/760/619 549/762/620
f 568/763/621 550/764/622 573/765/623
f 573/765/623 550/764/622 551/766/624
f 573/765/623 551/766/624 552/767/625
f 573/765/623 552/767/625 572/768/626
f 572/768/626 552/767/625 553/769/627
f 572/768/626 553/769/627 571/770/628
f 571/770/628 553/769/627 554/771/629
f 571/770/628 554/771/629 570/772/630
f 570/772/630 554/771/629 555/773/631
f 570/772/630 555/773/631 569/774/632
f 569/774/632 555/773/631 556/775/633
f 569/774/632 556/775/633 557/776/634
f 569/774/632 557/776/634 574/777/635
f 574/777/635 557/776/634 558/778/636
f 574/777/635 558/778/636 579/779/637
f 579/779/637 558/778/636 559/780/638
f 579/779/637 559/780/638 584/781/639
f 584/781/639 559/780/638 560/782/640
f 584/781/639 560/782/640 589/783/641
f 589/783/641 560/782/640 561/784/642
f 589/783/641 561/784/642 594/785/643
f 594/785/643 561/784/642 562/786/644
f 594/785/643 562/786/644 599/787/645
f 599/787/645 562/786/644 563/788/646
f 599/787/645 563/788/646 548/789/619
f 548/789/619 563/788/646 549/790/620
f 548/789/619 547/791/618 599/787/645
f 599/787/645 547/791/618 600/792/647
f 599/787/645 600/792/647 594/785/643
f 594/785/643 600/792/647 595/793/648
f 594/785/643 595/793/648 589/783/641
f 589/783/641 595/793/648 590/794/649
f 589/783/641 590/794/649 584/781/639
f 584/781/639 590/794/649 585/795/650
f 584/781/639 585/795/650 579/779/637
f 579/779/637 585/795/650 580/796/651
f 579/779/637 580/796/651 574/777/635
f 574/777/635 580/796/651 575/797/652
f 574/777/635 575/797/652 569/774/632
f 569/774/632 575/797/652 570/772/630
f 547/791/618 546/798/617 600/792/647
f 600/792/647 546/798/617 601/799/653
f 600/792/647 601/799/653 595/793/648
f 595/793/648 601/799/653 596/800/654
f 595/793/648 596/800/654 590/794/649
f 590/794/649 596/800/654 591/801/655
f 590/794/649 591/801/655 585/795/650
f 585/795/650 591/801/655 586/802/656
f 585/795/650 586/802/656 580/796/651
f 580/796/651 586/802/656 581/803/657
f 580/796/651 581/803/657 575/797/652
f 575/797/652 581/803/657 576/804/658
f 575/797/652 576/804/658 570/772/630
f 570/772/630 576/804/658 571/770/628
f 546/798/617 545/805/616 601/799/653
f 601/799/653 545/805/616 602/806/659
f 601/799/653 602/806/659 596/800/654
f 596/800/654 602/806/659 597/807/660
f 596/800/654 597/807/660 591/801/655
f 591/801/655 597/807/660 592/808/661
f 591/801/655 592/808/661 586/802/656
f 586/802/656 592/808/661 587/809/662
f 586/802/656 587/809/662 581/803/657
f 581/803/657 587/809/662 582/810/663
f 581/803/657 582/810/663 576/804/658
f 576/804/658 582/810/663 577/811/664
f 576/804/658 577/811/664 571/770/628
f 571/770/628 577/811/664 572/768/626
f 545/805/616 544/812/615 602/806/659
f 602/806/659 544/812/615 603/813/665
f 602/806/659 603/813/665 597/807/660
f 597/807/660 603/813/665 598/814/666
f 597/807/660 598/814/666 592/808/661
f 592/808/661 598/814/666 593/815/667
f 592/808/661 593/815/667 587/809/662
f 587/809/662 593/815/667 588/816/668
f 587/809/662 588/816/668 582/810/663
f 582/810/663 588/816/668 583/817/669
f 582/810/663 583/817/669 577/811/664
f 577/811/664 583/817/669 578/818/670
f 577/811/664 578/818/670 572/768/626
f 572/768/626 578/818/670 573/765/623
f 544/812/615 543/819/614 603/813/665
f 603/813/665 543/819/614 564/820/671
f 603/813/665 564/820/671 598/814/666
f 598/814/666 564/820/671 565/821/672
f 598/814/666 565/821/672 593/815/667
f 593/815/667 565/821/672 566/822/673
f 593/815/667 566/822/673 588/816/668
f 588/816/668 566/822/673 583/817/669
f 566/822/673 567/823/674 583/817/669
f 583/817/669 567/823/674 578/818/670
f 567/823/674 568/763/621 578/818/670
f 578/818/670 568/763/621 573/765/623
f 550/824/622 604/825/675 551/826/624
f 551/826/624 604/825/675 605/827/676
f 551/826/624 605/827/676 552/828/625
f 552/828/625 605/827/676 606/829/677
f 552/828/625 606/829/677 553/830/627
f 553/830/627 606/829/677 607/831/678
f 553/830/627 607/831/678 554/832/629
f 554/832/629 607/831/678 608/833/679
f 554/832/629 608/833/679 555/834/631
f 555/834/631 608/833/679 609/835/680
f 555/834/631 609/835/680 556/836/633
f 556/836/633 609/835/680 364/837/462
f 624/838/681 610/839/682 638/840/683
f 638/840/683 610/839/682 611/841/684
f 638/840/683 611/841/684 637/842/685
f 637/842/685 611/841/684 612/843/686
f 637/842/685 612/843/686 636/844/687
f 636/844/687 612/843/686 635/845/688
f 636/844/687 635/845/688 645/846/689
f 645/846/689 635/845/688 644/847/690
f 645/846/689 644/847/690 654/848/691
f 654/848/691 644/847/690 653/849/692
f 654/848/691 653/849/692 663/850/693
f 663/850/693 653/849/692 662/851/694
f 663/850/693 662/851/694 671/852/695
f 671/852/695 662/851/694 670/853/696
f 671/852/695 670/853/696 680/854/697
f 680/854/697 670/853/696 679/855/698
f 680/854/697 679/855/698 689/856/699
f 689/856/699 679/855/698 688/857/700
f 689/856/699 688/857/700 697/858/701
f 697/858/701 688/857/700 696/859/702
f 697/858/701 696/859/702 710/860/703
f 710/860/703 696/859/702 711/861/704
f 710/860/703 711/861/704 705/862/705
f 705/862/705 711/861/704 704/863/706
f 705/862/705 704/863/706 723/864/707
f 723/864/707 704/863/706 722/865/708
f 723/864/707 722/865/708 736/866/709
f 736/866/709 722/865/708 737/867/710
f 736/866/709 737/867/710 732/868/711
f 732/868/711 737/867/710 731/869/712
f 732/868/711 731/869/712 606/870/713
f 606/870/713 731/869/712 607/871/678
f 607/871/678 731/869/712 730/872/714
f 607/871/678 730/872/714 729/873/715
f 729/873/715 730/872/714 739/874/716
f 729/873/715 739/874/716 740/875/717
f 740/875/717 739/874/716 719/876/718
f 740/875/717 719/876/718 718/877/719
f 718/877/719 719/876/718 700/878/720
f 718/877/719 700/878/720 699/879/721
f 699/879/721 700/878/720 716/880/722
f 699/879/721 716/880/722 368/881/723
f 368/881/723 716/880/722 627/882/724
f 368/881/723 627/882/724 369/883/725
f 369/883/725 627/882/724 683/884/726
f 369/883/725 683/884/726 370/885/727
f 370/885/727 683/884/726 674/886/728
f 370/885/727 674/886/728 371/887/729
f 371/887/729 674/886/728 665/888/730
f 371/887/729 665/888/730 372/889/731
f 372/889/731 665/888/730 657/890/732
f 372/889/731 657/890/732 373/891/733
f 373/891/733 657/890/732 648/892/734
f 373/891/733 648/892/734 374/893/735
f 374/893/735 648/892/734 639/894/736
f 374/893/735 639/894/736 375/895/737
f 375/895/737 639/894/736 630/896/738
f 375/895/737 630/896/738 376/897/487
f 376/897/487 630/896/738 615/898/739
f 615/898/739 630/896/738 631/899/740
f 615/898/739 631/899/740 632/900/741
f 632/900/741 631/899/740 641/901/742
f 632/900/741 641/901/742 642/902/743
f 642/902/743 641/901/742 651/903/744
f 642/902/743 651/903/744 652/904/745
f 652/904/745 651/903/744 661/905/746
f 652/904/745 661/905/746 662/851/694
f 662/851/694 661/905/746 670/853/696
f 612/843/686 613/906/747 635/845/688
f 635/845/688 613/906/747 634/907/748
f 635/845/688 634/907/748 644/847/690
f 644/847/690 634/907/748 643/908/749
f 644/847/690 643/908/749 653/849/692
f 653/849/692 643/908/749 652/904/745
f 653/849/692 652/904/745 662/851/694
f 634/907/748 613/906/747 633/909/750
f 633/909/750 613/906/747 614/910/751
f 633/909/750 614/910/751 632/900/741
f 632/900/741 614/910/751 615/898/739
f 368/881/723 367/911/752 699/879/721
f 699/879/721 367/911/752 717/912/753
f 699/879/721 717/912/753 718/877/719
f 718/877/719 717/912/753 741/913/754
f 718/877/719 741/913/754 740/875/717
f 740/875/717 741/913/754 728/914/755
f 740/875/717 728/914/755 729/873/715
f 729/873/715 728/914/755 608/915/756
f 729/873/715 608/915/756 607/871/678
f 367/911/752 366/916/757 717/912/753
f 717/912/753 366/916/757 625/917/758
f 717/912/753 625/917/758 741/913/754
f 741/913/754 625/917/758 727/918/759
f 741/913/754 727/918/759 728/914/755
f 728/914/755 727/918/759 609/919/760
f 728/914/755 609/919/760 608/915/756
f 366/916/757 365/920/761 625/917/758
f 625/917/758 365/920/761 726/921/762
f 625/917/758 726/921/762 727/918/759
f 727/918/759 726/921/762 609/919/760
f 365/920/761 364/922/462 726/921/762
f 726/921/762 364/922/462 609/919/760
f 732/868/711 606/870/713 733/923/763
f 733/923/763 606/870/713 605/924/764
f 733/923/763 605/924/764 734/925/765
f 734/925/765 605/924/764 604/926/675
f 734/925/765 604/926/675 616/927/766
f 734/925/765 616/927/766 626/928/767
f 626/928/767 616/927/766 617/929/768
f 626/928/767 617/929/768 725/930/769
f 725/930/769 617/929/768 707/931/770
f 725/930/769 707/931/770 706/932/771
f 706/932/771 707/931/770 709/933/772
f 706/932/771 709/933/772 710/860/703
f 710/860/703 709/933/772 697/858/701
f 617/929/768 618/934/773 707/931/770
f 707/931/770 618/934/773 708/935/774
f 707/931/770 708/935/774 709/933/772
f 709/933/772 708/935/774 698/936/775
f 709/933/772 698/936/775 697/858/701
f 697/858/701 698/936/775 689/856/699
f 708/935/774 618/934/773 628/937/776
f 628/937/776 618/934/773 619/938/777
f 628/937/776 619/938/777 691/939/778
f 691/939/778 619/938/777 620/940/779
f 691/939/778 620/940/779 682/941/780
f 682/941/780 620/940/779 621/942/781
f 682/941/780 621/942/781 673/943/782
f 673/943/782 621/942/781 622/944/783
f 673/943/782 622/944/783 629/945/784
f 629/945/784 622/944/783 623/946/785
f 629/945/784 623/946/785 656/947/786
f 656/947/786 623/946/785 647/948/787
f 656/947/786 647/948/787 646/949/788
f 646/949/788 647/948/787 637/842/685
f 646/949/788 637/842/685 636/844/687
f 623/946/785 624/838/681 647/948/787
f 647/948/787 624/838/681 638/840/683
f 647/948/787 638/840/683 637/842/685
f 631/899/740 630/896/738 640/950/789
f 640/950/789 630/896/738 639/894/736
f 640/950/789 639/894/736 649/951/790
f 649/951/790 639/894/736 648/892/734
f 649/951/790 648/892/734 658/952/791
f 658/952/791 648/892/734 657/890/732
f 658/952/791 657/890/732 666/953/792
f 666/953/792 657/890/732 665/888/730
f 666/953/792 665/888/730 675/954/793
f 675/954/793 665/888/730 674/886/728
f 675/954/793 674/886/728 684/955/794
f 684/955/794 674/886/728 683/884/726
f 684/955/794 683/884/726 692/956/795
f 692/956/795 683/884/726 627/882/724
f 692/956/795 627/882/724 715/957/796
f 715/957/796 627/882/724 716/880/722
f 715/957/796 716/880/722 700/878/720
f 643/908/749 634/907/748 633/909/750
f 643/908/749 633/909/750 642/902/743
f 642/902/743 633/909/750 632/900/741
f 646/949/788 636/844/687 645/846/689
f 631/899/740 640/950/789 641/901/742
f 641/901/742 640/950/789 650/958/797
f 641/901/742 650/958/797 651/903/744
f 651/903/744 650/958/797 660/959/798
f 651/903/744 660/959/798 661/905/746
f 661/905/746 660/959/798 669/960/799
f 661/905/746 669/960/799 670/853/696
f 670/853/696 669/960/799 679/855/698
f 650/958/797 640/950/789 649/951/790
f 652/904/745 643/908/749 642/902/743
f 646/949/788 645/846/689 655/961/800
f 655/961/800 645/846/689 654/848/691
f 655/961/800 654/848/691 664/962/801
f 664/962/801 654/848/691 663/850/693
f 664/962/801 663/850/693 672/963/802
f 672/963/802 663/850/693 671/852/695
f 672/963/802 671/852/695 681/964/803
f 681/964/803 671/852/695 680/854/697
f 681/964/803 680/854/697 690/965/804
f 690/965/804 680/854/697 689/856/699
f 690/965/804 689/856/699 698/936/775
f 650/958/797 649/951/790 659/966/805
f 659/966/805 649/951/790 658/952/791
f 659/966/805 658/952/791 667/967/806
f 667/967/806 658/952/791 666/953/792
f 667/967/806 666/953/792 676/968/807
f 676/968/807 666/953/792 675/954/793
f 676/968/807 675/954/793 685/969/808
f 685/969/808 675/954/793 684/955/794
f 685/969/808 684/955/794 693/970/809
f 693/970/809 684/955/794 692/956/795
f 693/970/809 692/956/795 714/971/810
f 714/971/810 692/956/795 715/957/796
f 714/971/810 715/957/796 701/972/811
f 701/972/811 715/957/796 700/878/720
f 701/972/811 700/878/720 719/876/718
f 629/945/784 656/947/786 655/961/800
f 655/961/800 656/947/786 646/949/788
f 629/945/784 655/961/800 664/962/801
f 650/958/797 659/966/805 660/959/798
f 660/959/798 659/966/805 668/973/812
f 660/959/798 668/973/812 669/960/799
f 669/960/799 668/973/812 678/974/813
f 669/960/799 678/974/813 679/855/698
f 679/855/698 678/974/813 688/857/700
f 668/973/812 659/966/805 667/967/806
f 673/943/782 629/945/784 664/962/801
f 673/943/782 664/962/801 672/963/802
f 668/973/812 667/967/806 677/975/814
f 677/975/814 667/967/806 676/968/807
f 677/975/814 676/968/807 686/976/815
f 686/976/815 676/968/807 685/969/808
f 686/976/815 685/969/808 694/977/816
f 694/977/816 685/969/808 693/970/809
f 694/977/816 693/970/809 713/978/817
f 713/978/817 693/970/809 714/971/810
f 713/978/817 714/971/810 702/979/818
f 702/979/818 714/971/810 701/972/811
f 702/979/818 701/972/811 720/980/819
f 720/980/819 701/972/811 719/876/718
f 720/980/819 719/876/718 739/874/716
f 682/941/780 673/943/782 672/963/802
f 682/941/780 672/963/802 681/964/803
f 668/973/812 677/975/814 678/974/813
f 678/974/813 677/975/814 687/981/820
f 678/974/813 687/981/820 688/857/700
f 688/857/700 687/981/820 696/859/702
f 687/981/820 677/975/814 686/976/815
f 691/939/778 682/941/780 681/964/803
f 691/939/778 681/964/803 690/965/804
f 687/981/820 686/976/815 695/982/821
f 695/982/821 686/976/815 694/977/816
f 695/982/821 694/977/816 712/983/822
f 712/983/822 694/977/816 713/978/817
f 712/983/822 713/978/817 703/984/823
f 703/984/823 713/978/817 702/979/818
f 703/984/823 702/979/818 721/985/824
f 721/985/824 702/979/818 720/980/819
f 721/985/824 720/980/819 738/986/825
f 738/986/825 720/980/819 739/874/716
f 738/986/825 739/874/716 730/872/714
f 628/937/776 691/939/778 690/965/804
f 628/937/776 690/965/804 698/936/775
f 711/861/704 696/859/702 695/982/821
f 695/982/821 696/859/702 687/981/820
f 711/861/704 695/982/821 712/983/822
f 708/935/774 628/937/776 698/936/775
f 711/861/704 712/983/822 704/863/706
f 704/863/706 712/983/822 703/984/823
f 704/863/706 703/984/823 722/865/708
f 722/865/708 703/984/823 721/985/824
f 722/865/708 721/985/824 737/867/710
f 737/867/710 721/985/824 738/986/825
f 737/867/710 738/986/825 731/869/712
f 731/869/712 738/986/825 730/872/714
f 710/860/703 705/862/705 706/932/771
f 706/932/771 705/862/705 724/987/826
f 706/932/771 724/987/826 725/930/769
f 725/930/769 724/987/826 626/928/767
f 724/987/826 705/862/705 723/864/707
f 724/987/826 723/864/707 735/988/827
f 735/988/827 723/864/707 736/866/709
f 735/988/827 736/866/709 733/923/763
f 733/923/763 736/866/709 732/868/711
f 733/923/763 734/925/765 735/988/827
f 735/988/827 734/925/765 626/928/767
f 735/988/827 626/928/767 724/987/826
f 610/989/682 742/990/828 611/991/829
f 611/991/829 742/990/828 743/992/830
f 611/991/829 743/992/830 612/993/831
f 612/993/831 743/992/830 744/994/832
f 612/993/831 744/994/832 613/995/747
f 613/995/747 744/994/832 745/996/833
f 613/995/747 745/996/833 614/997/834
f 614/997/834 745/996/833 746/998/835
f 614/997/834 746/998/835 615/999/836
f 615/999/836 746/998/835 747/1000/837
f 615/999/836 747/1000/837 376/1001/487
f 376/1001/487 747/1000/837 748/1002/838
f 83/1003/83 749/1004/839 764/1005/840
f 764/1005/840 749/1004/839 769/1006/841
f 764/1005/840 769/1006/841 763/1007/842
f 763/1007/842 769/1006/841 774/1008/843
f 763/1007/842 774/1008/843 762/1009/844
f 762/1009/844 774/1008/843 779/1010/845
f 762/1009/844 779/1010/845 761/1011/846
f 761/1011/846 779/1010/845 784/1012/847
f 761/1011/846 784/1012/847 760/1013/848
f 760/1013/848 784/1012/847 789/1014/849
f 760/1013/848 789/1014/849 742/1015/828
f 742/1015/828 789/1014/849 743/1016/830
f 743/1016/830 789/1014/849 788/1017/850
f 743/1016/830 788/1017/850 744/1018/832
f 744/1018/832 788/1017/850 787/1019/851
f 744/1018/832 787/1019/851 745/1020/833
f 745/1020/833 787/1019/851 786/1021/852
f 745/1020/833 786/1021/852 746/1022/835
f 746/1022/835 786/1021/852 785/1023/853
f 746/1022/835 785/1023/853 747/1024/837
f 747/1024/837 785/1023/853 759/1025/854
f 747/1024/837 759/1025/854 748/1026/838
f 749/1004/839 750/1027/855 769/1006/841
f 769/1006/841 750/1027/855 768/1028/856
f 769/1006/841 768/1028/856 774/1008/843
f 774/1008/843 768/1028/856 773/1029/857
f 774/1008/843 773/1029/857 779/1010/845
f 779/1010/845 773/1029/857 778/1030/858
f 779/1010/845 778/1030/858 784/1012/847
f 784/1012/847 778/1030/858 783/1031/859
f 784/1012/847 783/1031/859 789/1014/849
f 789/1014/849 783/1031/859 788/1017/850
f 750/1027/855 751/1032/860 768/1028/856
f 768/1028/856 751/1032/860 767/1033/861
f 768/1028/856 767/1033/861 773/1029/857
f 773/1029/857 767/1033/861 772/1034/862
f 773/1029/857 772/1034/862 778/1030/858
f 778/1030/858 772/1034/862 777/1035/863
f 778/1030/858 777/1035/863 783/1031/859
f 783/1031/859 777/1035/863 782/1036/864
f 783/1031/859 782/1036/864 788/1017/850
f 788/1017/850 782/1036/864 787/1019/851
f 751/1032/860 752/1037/865 767/1033/861
f 767/1033/861 752/1037/865 766/1038/866
f 767/1033/861 766/1038/866 772/1034/862
f 772/1034/862 766/1038/866 771/1039/867
f 772/1034/862 771/1039/867 777/1035/863
f 777/1035/863 771/1039/867 776/1040/868
f 777/1035/863 776/1040/868 782/1036/864
f 782/1036/864 776/1040/868 781/1041/869
f 782/1036/864 781/1041/869 787/1019/851
f 787/1019/851 781/1041/869 786/1021/852
f 752/1037/865 753/1042/870 766/1038/866
f 766/1038/866 753/1042/870 765/1043/871
f 766/1038/866 765/1043/871 771/1039/867
f 771/1039/867 765/1043/871 770/1044/872
f 771/1039/867 770/1044/872 776/1040/868
f 776/1040/868 770/1044/872 775/1045/873
f 776/1040/868 775/1045/873 781/1041/869
f 781/1041/869 775/1045/873 780/1046/874
f 781/1041/869 780/1046/874 786/1021/852
f 786/1021/852 780/1046/874 785/1023/853
f 753/1042/870 754/1047/875 765/1043/871
f 765/1043/871 754/1047/875 755/1048/876
f 765/1043/871 755/1048/876 770/1044/872
f 770/1044/872 755/1048/876 756/1049/877
f 770/1044/872 756/1049/877 775/1045/873
f 775/1045/873 756/1049/877 757/1050/878
f 775/1045/873 757/1050/878 780/1046/874
f 780/1046/874 757/1050/878 758/1051/879
f 780/1046/874 758/1051/879 785/1023/853
f 785/1023/853 758/1051/879 759/1025/854
f 83/1052/83 82/1053/84 749/1054/839
f 749/1054/839 82/1053/84 790/1055/880
f 749/1054/839 790/1055/880 750/1056/855
f 750/1056/855 790/1055/880 791/1057/881
f 750/1056/855 791/1057/881 751/1058/860
f 751/1058/860 791/1057/881 792/1059/882
f 751/1058/860 792/1059/882 752/1060/865
f 752/1060/865 792/1059/882 793/1061/883
f 752/1060/865 793/1061/883 753/1062/870
f 753/1062/870 793/1061/883 794/1063/884
f 753/1062/870 794/1063/884 754/1064/875
f 754/1064/875 794/1063/884 795/1065/885
f 742/1066/828 610/1067/682 501/1068/572
f 501/1068/572 610/1067/682 604/1069/675
f 501/1068/572 604/1069/675 543/1070/614
f 543/1070/614 604/1069/675 550/1071/622
f 543/1070/614 550/1071/622 568/1072/621
f 624/1073/681 618/1074/773 610/1067/682
f 610/1067/682 618/1074/773 617/1075/768
f 610/1067/682 617/1075/768 616/1076/766
f 623/1077/785 622/1078/783 624/1073/681
f 624/1073/681 622/1078/783 621/1079/781
f 624/1073/681 621/1079/781 620/1080/779
f 620/1080/779 619/1081/777 624/1073/681
f 624/1073/681 619/1081/777 618/1074/773
f 616/1076/766 604/1069/675 610/1067/682
f 568/1072/621 567/1082/674 543/1070/614
f 543/1070/614 567/1082/674 566/1083/673
f 543/1070/614 566/1083/673 565/1084/672
f 565/1084/672 564/1085/671 543/1070/614
f 84/1086/82 83/1087/83 513/1088/582
f 513/1088/582 83/1087/83 764/1089/840
f 513/1088/582 764/1089/840 514/1090/580
f 514/1090/580 764/1089/840 763/1091/842
f 514/1090/580 763/1091/842 515/1092/578
f 515/1092/578 763/1091/842 762/1093/844
f 515/1092/578 762/1093/844 516/1094/576
f 516/1094/576 762/1093/844 761/1095/846
f 516/1094/576 761/1095/846 517/1096/574
f 517/1096/574 761/1095/846 760/1097/848
f 517/1096/574 760/1097/848 501/1098/572
f 501/1098/572 760/1097/848 742/1099/828
f 458/1100/529 500/1101/571 174/1102/211
f 174/1102/211 500/1101/571 507/1103/609
f 174/1102/211 507/1103/609 549/1104/620
f 500/1101/571 458/1100/529 464/1105/561
f 464/1105/561 458/1100/529 469/1106/540
f 464/1105/561 469/1106/540 468/1107/565
f 468/1107/565 467/1108/564 464/1105/561
f 464/1105/561 467/1108/564 466/1109/563
f 464/1105/561 466/1109/563 465/1110/562
f 512/1111/588 511/1112/613 500/1101/571
f 500/1101/571 511/1112/613 510/1113/612
f 500/1101/571 510/1113/612 509/1114/611
f 509/1114/611 508/1115/610 500/1101/571
f 500/1101/571 508/1115/610 507/1103/609
f 549/1104/620 292/1116/338 174/1102/211
f 174/1102/211 292/1116/338 175/1117/212
f 93/1118/110 142/1119/159 66/1120/66
f 66/1120/66 142/1119/159 85/1121/886
f 66/1120/66 85/1121/886 1/1122/2
f 105/1123/127 104/1124/152 93/1118/110
f 93/1118/110 104/1124/152 103/1125/151
f 93/1118/110 103/1125/151 102/1126/150
f 102/1126/150 101/1127/149 93/1118/110
f 93/1118/110 101/1127/149 100/1128/148
f 93/1118/110 100/1128/148 142/1119/159
f 66/1120/66 1/1122/2 21/1129/52
f 21/1129/52 1/1122/2 14/1130/1
f 21/1129/52 14/1130/1 22/1131/53
f 22/1131/53 14/1130/1 23/1132/54
f 23/1132/54 14/1130/1 24/1133/55
f 24/1133/55 14/1130/1 25/1134/56
f 25/1134/56 14/1130/1 26/1135/31
f 286/1136/327 556/1137/633 194/1138/295
f 194/1138/295 556/1137/633 364/1139/462
f 556/1140/633 286/1141/327 557/1142/634
f 557/1142/634 286/1141/327 299/1143/351
f 557/1142/634 299/1143/351 558/1144/636
f 558/1144/636 299/1143/351 298/1145/349
f 558/1144/636 298/1145/349 559/1146/638
f 559/1146/638 298/1145/349 297/1147/347
f 559/1146/638 297/1147/347 560/1148/640
f 560/1148/640 297/1147/347 296/1149/345
f 560/1148/640 296/1149/345 561/1150/642
f 561/1150/642 296/1149/345 295/1151/343
f 561/1150/642 295/1151/343 562/1152/644
f 562/1152/644 295/1151/343 294/1153/341
f 562/1152/644 294/1153/341 563/1154/646
f 563/1154/646 294/1153/341 293/1155/339
f 563/1154/646 293/1155/339 549/1156/620
f 549/1156/620 293/1155/339 292/1157/338
f 143/1158/887 158/1159/888 86/1160/889
f 86/1160/889 158/1159/888 363/1161/890
f 86/1160/889 363/1161/890 81/1162/891
f 81/1162/891 80/1163/892 86/1160/889
f 794/1164/893 793/1165/894 795/1166/895
f 795/1166/895 793/1165/894 792/1167/896
f 795/1166/895 792/1167/896 791/1168/897
f 791/1168/897 790/1169/898 795/1166/895
f 795/1166/895 790/1169/898 82/1170/899
f 795/1166/895 82/1170/899 377/1171/900
f 377/1171/900 82/1170/899 363/1172/901
f 377/1171/900 363/1172/901 362/1173/902
f 82/1170/899 81/1174/903 363/1172/901
f 380/1175/904 379/1176/905 362/1173/902
f 362/1173/902 379/1176/905 378/1177/906
f 362/1173/902 378/1177/906 377/1171/900
f 795/1178/885 377/1179/488 754/1180/875
f 754/1180/875 377/1179/488 755/1181/876
f 755/1181/876 377/1179/488 756/1182/877
f 756/1182/877 377/1179/488 376/1183/487
f 756/1182/877 376/1183/487 757/1184/878
f 757/1184/878 376/1183/487 758/1185/879
f 758/1185/879 376/1183/487 748/1186/838
f 758/1185/879 748/1186/838 759/1187/854
# 795 vertices
# 1187 texture params
# 906 normals
# 1586 facets

# 1 groups
